问题id,页码,答主昵称,答主性别,答主粉丝数,答主主页,答主签名,回答id,回答时间,评论数,点赞数,喜欢数,回答内容
361723201,1,李妍,女,65031,https://www.zhihu.com/people/li-yan-44-12-25,致力为全职/职场妈妈提升效率及竞争力，分享孕产及育儿经验。,961191454,2020-01-31 11:45:44,327,2864,584,并不是生孩子重要不重要，而是生活总不能一潭死水、毫无变化。我有坚持不婚的闺蜜，有坚持丁克的朋友。我在她们面前甚少提起孩子，与她们聊天时，可以完全摆脱“妈妈”这个标签，总是围绕着买买买、旅行、追星、个人发展的话题，说个没完。我也有已经生儿育女的好友，我们会时常举办亲子聚会，聚在一起时总是“三句不离孩子”，一边聊着育儿经，一边美滋滋地看着彼此的孩子打成一片。不婚主义的闺蜜，朋友圈里全是她周游列国的照片，每逢法定假期，总要凑假跑出去，甚至替我打卡了好些年，我们一直想朝圣的建筑地；丁克主义的朋友，深度瑜伽爱好者、多肉控、养生控、外加烘焙达人，她的时间都花费在个人兴趣上，晒在朋友圈的年度复盘心愿单，总在完成和更新；有孩子的好友，朋友圈满是与孩子相处的细节、视频，关于孩子的每件趣事，都兴致勃勃与我们分享，言语间有无法掩饰的宠爱和幸福； 若是作为旁观者，真想每种生活方式，都能过一次。不记得在哪本书里看过，人生两条路，正在行走的这条用来实践，其余没有选择的路，用来遗憾。选择是人的终极自由，也是人的终极困惑。有时候我会与老公默默感慨：假如没有生孩子，现在是否还过着新婚时，那些自由、闲逸的小日子呢？可以毫不犹豫地结束两地分居的生活；下班以后逐间网红食店打卡，然后休闲地手牵手看场电影再回家；周末心血来潮来场说走就走的旅行；或者在超市买点材料，打个火锅、喝点小酒，再相拥而睡；……虽然每次说起来好像很兴奋，但看着身旁这可爱的小宝贝，他确实带给我过去二十多年从来没有过的体验：怀孕期，每天摸着肚子读绘本，感受孩子在肚子里活动的微妙体验，感叹胎儿期就能看出性格；产后“新手上路”，夜奶、缺觉、激素影响、养育烦恼，让我原有生活的“平衡”被瞬间打破，人生似乎变得一团糟糕、一塌糊涂；半岁后，我们逐渐适应、调整，快乐地见证他每天的新变化，每一个成长的进步，都令人欣喜得奔走相告；一岁多，会撒娇、笨拙又可爱地表达自己，令我们越发心生怜爱；两岁多，越发有主观意识，常常闹腾得我们火冒三丈，四处寻找育儿良方；将近学龄时期，奔走择校，还要承担沉重的学费、培训费，又令人烦恼不已……这些体验不全是令人欣喜、感动，还会夹杂着紧张、生气、受挫、烦恼……然后，你会想通一件事，生活，总是在「被打破（主观/客观）——混乱——调整——平衡」的过程中循环反复。并不是生孩子重要不重要，而是生活总不能一潭死水、毫无变化。你或许不需要用「生孩子」来获得这种变化，你还有其他选择，例如追求灵魂自由、例如深耕一个领域、例如最大化地实现个人的社会价值、例如旅行体验……或许，你会说，那是有多自私，「生孩子」只是为了在生活中寻找变化？这有什么好否认呢？生孩子本就是件很“自私”的事。作家刘瑜不也说，想不出一个不自私的生孩子的理由：用别人的生命来使你的生命更“完整”，不自私吗？古人说“不孝有三，无后为大”，不自私吗？现代人说“我喜欢小孩”，不自私吗？生物学家说“为了人类的繁衍”，哎呀，听上去多么神圣，但也不过是将一个人的自私替换成了一个物种甚至一群基因的自私而已。只能说，「生孩子」这件事所带来的，是自然造成的身份变化——从而令你从完全不同的角度，重新思考和察觉生命的意义：你会惊叹于自己爱的能力；你会重新审视自己原生家庭带给你的所有美好、或者不幸；你会忍不住思考那些被你一直忽视的事，例如健康、例如教育；……因此，为什么偏要在这个时刻去得到答案呢？只有在你平衡生活中感觉无趣与苦闷，你就会想着法子，重新找一件事，去打破目前的生活。这件事，可能是「生孩子」，也可能不是。至于题主母亲所说的，“靠人”养老，不如“靠钱”养老，至少后者的可控性，要高太多。个人理解，不喜轻喷。我是李妍，持续分享孕产、育儿、妈妈们时间管理经验，请您考虑考虑，关注、点赞、喜欢我一下下吧~比心(｡･㉨･｡)ﾉ♡欢迎浏览我的其他答案（含高赞回答）：【关于孕产】有什么是你回过头来觉得在育儿过程中「幸好做过」的事？女性在怀孕后身体会发生什么变化？坐月子买的最没用和最有用的东西是什么？好用到爆的母婴用品有哪些？【关于养育思考】圆桌精选：为什么小时候表现越「乖」、越「懂事」的孩子，长大之后心理问题越多？【关于时间管理】编辑推荐：工作忙，陪伴不了孩子，不知道这样坚持是对是错?家庭抉择：在城市上班，双职工没有能力照顾宝宝，要不要辞职带孩子，还是放回老家给老一辈带？【关于养育实操分享】2 周岁的孩子看电视停不下来，强制关电视是可行的吗，应该怎样教育和引导孩子？一个人带小孩如何保证孩子远离手机和电视？作为父母，有哪些游戏可以跟2-3岁的孩子一起玩，一起互动？
361723201,1,榛禾木,男,380650,https://www.zhihu.com/people/zhou-tu-tu-64-5,人情淡泊，讨厌亲戚，不交朋友。只愿意和老婆一起，吃喝玩乐。,960707163,2020-01-03 04:33:08,329,1478,162,对我爷爷奶奶来说，有我爸这个孩子，很重要。二老当年相继中风瘫痪，去世前一个撑了10年，一个撑了4年。他们是农民，几乎没有积蓄，晚年在养老院里住着，有护工照顾。院里饭菜不咋地，吃饭都是我爸做好了送去的，虾剥了壳，鱼挑了刺，荤素搭配，天天如此。他们坚持了几年，我爸就也坚持了几年。我见过，所以也知道，依赖子女才能延续生命的渴望生存的老人眼中的光，即使瘫痪了，说不出话来，见到子女就像见到了菩萨。对我爸妈来说，我这个孩子没那么重要。他们都退休了，每天跟亲戚朋友老同学一起，吃吃喝喝玩玩，打牌旅游，时间都排满。我在80公里外的邻市，不远也不近，一年聚不了几次，平时都是微信视频聊天。他们有不错的退休金，有完善的保险，有些积蓄，而我有更好的收入，不必依赖他们买房买车，反过来还会孝敬他们。在可预想的未来里，我的爸妈即使不依赖我，也能度过富足、安全、有尊严的晚年。我只是他们人生的锦上添花，我的确没那么重要。毕竟他们同意我丁克，应该也算活得明白的父母了。对我来说，生孩子一点也不重要。我是男性，和老婆是一对丁克夫妻。我们有正常的生育能力，她不想生，我不想要。榛禾木：现在的部分妇女为什么不想生孩子？在我这个过往的高赞回答里，相关内容已经很全面，不想赘述了，只想说，我们过得很开心，也会继续开心下去。每个人都有不同的需求，不同的追求，不同的诉求。想通了，生孩子是自己这的一件大事，也可以是别人那的一件小事。孩子可以是自己的一切，别人的一切中也可以没有孩子。我们能做的就是先把自己活明白了，觉得生孩子重要，就生，否则也可不生，只是别去管他人的私生活。可以不认同，请别不尊重。
361723201,1,皮实妞,女,459613,https://www.zhihu.com/people/soundgirls,幸福不是拥有的多，而是计较的少。,960360795,2020-01-02 17:49:02,22,195,45,生孩子是一件很重大的事，重不重要可以由个体来定义：你觉得重要就重要，你觉得不重要就不重要；你现在的想法未来可能会改变。对我们每个个体来说，为什么生孩子很重要，准备好承担「生育孩子的责任」后再生育孩子很重要。我们每个人都有自己对生活的理解，比如说题主的妈妈对生育的理解是：养儿防老。而题主在这件事上找不到与妈妈一样的共鸣，这可能有多方面的原因：1、你不认同养儿防老的观念，或对这个观念不置可否2、你目前的关注力在其他觉得有趣的事上，还没有到思索「是否生育孩子」的人生阶段3、因为过往的一些经历或观察，你对生孩子这件事个人兴趣不大……（你念头后的潜在思绪要自己梳理，我上面列举的，可能并不符合你的实际想法）……我们每个人都可以有自己的观念，我们的观念多是在成长的过程中不知不觉中形成的，现在和以后仍会受周围环境、人、境遇变化等等的影响。所以对于这件事，题主提出了这个问题，是自己一个观察和思考的时机。你不妨多听听不同人的想法和感受，继续保持观察：那些选择生育孩子的人，他们怎么理解和看待生育这件事，如何安排生育后的生活；那些和你一样持保留态度的人，他们又是如何想和做的……我们去了解，而不急于评判，给自己思考和成长的时间。我们可以把这件事当成一个契机，去观察生育和养育这件事（或暂时搁置），去想一想对自己来说，各种观念有没有道理，想一想背后的责任与期待。最终生活还是我们自己来践行，行万里路、读万卷书，都不如自己扎扎实实的体验来得深刻。也许有一天你为一件微小的事而触动，改变自己的想法，也许不会。但你确实拥有着各种选择的可能性，并能够用自己的思想来指导自己的行动，而这些行动可能会引向不同的人生路。且走且看吧：你不必一定接受他人的观念，包括你的父母；也不一定能说服他人接受你的观念，包括你的父母。但生活是你自己的，也只有你能对自己的选择真正负责。你确实拥有着生育与否的选择权/可能性，并朝着你想要的方向努力：如果你想养育一个孩子，体验与孩子一起成长的人生，那么你可能需要积极地寻找合适的伴侣，并让自己拥有一定的承担能力；如果你还不想养育孩子、或还没有想清楚，未来你也许想法会有变化，你当然仍可以寻找合适的伴侣（或你觉得还不想寻找），只不过，交往到一定程度，你需要诚实地与对方交流自己在生育方面的看法。大家可以不同，又能互相尊重。生孩子不是人生的必选项，你的个人选择和意愿是最重要的——需要注意的是，如果你选择生育孩子，你的孩子将会和你一样，成为一个独立的生命个体，他的个人意愿将与你同样重要，是你不可忽视和剥夺的；你对孩子的养育责任是不可逃避的。同时，孩子将会带给你很多，带你探索生命的奥秘，体会到无条件的被爱和信任，给你希冀，让你看到蓬勃的发现和生长的力量……孩子也会带给你不断的挑战，成为成熟负责任的父母，是一门人生功课，需要不断的学习和成长。就我个人来说，生育带我更深认识自我和生活，我将此视为一种机遇。祝好。@知乎亲子 
361723201,1,笑霜,女,73637,https://www.zhihu.com/people/ma-qian-ying,985生物学硕士｜万物爱研究的育儿&amp,家电博主｜家有一娃一猫,960319250,2020-01-20 13:24:43,257,1132,200
361723201,1,弦歌缓缓,女,313515,https://www.zhihu.com/people/kanyundenghuakai,教育工作者,961765562,2020-01-04 02:08:04,13,284,77,好多年以前，我想我以后一定要有个女儿，我一定要给我的女儿取名叫“清音”。“非必丝与竹，山水有清音”“高歌谁和余，空谷清音起。非鬼亦非仙，一曲桃花水”再加上另一些隐秘的原因，这个名字在我心里一度完美到无可超越。虽然中间我也中意过另一些名字。比如微朵，比如玄音……但新鲜一阵过后，怎么想，又都觉得不如清音。若是想好这个名字的那天遥想今日，必然坚信2019年的自己早已当妈。实不相瞒，我曾经还有个在2020年到来之前生两个孩子的伟大梦想……而真的到了这一天，我还是没有一个叫清音的女儿，甚至连诞育人类幼崽的人生愿景都已经基本放弃了…………以上是我前两天的一条知乎想法的开篇。在那篇想法里，我说，十年间，我最大的改变，就是学会了顺应生活。十年前我觉得我自己未来必须结婚、必须生孩子，那才是活着最珍贵的意义。然而当我慢慢发现生活并没有按照我的想象去安排的时候，我接受了这种安排，并且逐渐明白：结婚生子不是我人生的必选项，命里有时终须有，但不必特意列入人生规划。我现在依然认为：结婚生子，是人生相当珍贵的幸福。只是，我不愿意为了这种珍贵去做违心的选择。我要等，等那个我不问他如何就爱他的人，等那个嫁给他就是因为迫不及待地想要每天都和他在一起、此生都不分离的人。我是要为了一个“非他不可”的人而选择婚姻，而不是为了婚姻去选择一个“条件还行”的人。所以，重要不重要，其实不能问别人，要问自己。在自己的重大人生选择上，不要妥协于任何人的建议，而要问你自己的内心：你的真实想法是什么？哪一种选择能让你获得真正的快乐和幸福？而我以为的真正重要的事是什么呢？是无论我们选择了哪一种人生，都不去否定另一种人生。比如：选择为了婚姻而婚姻，找了一个“条件还行”的人，是错吗？当然不是。这只是每个人的人生追求和选择不同，没有对错之分。但这样选了之后，不会因为自己的选择，而抨击那些如我一样，坚定地等待一个“非他不可”之人的人。同样，等待这个“非他不可”之人的人，也不要去说别人找了个“条件还行”的人，就是不幸福。永远不要因为目前的生活和选择，而排斥人生的另一种可能性。所以，我个人非常反感那些在综艺节目等场合，因为自己是独身主义，就去嘲讽抨击把婚姻列入人生必选项之人的某些名人。你可以选择独身，但不要因此去说，所有结婚的人都不幸福。你可以选择不要孩子，但不要因此去说，所有要了孩子的都想不开。你可以为你自己的人生做任何一种选择，没有哪一种选择是错的，同时，也没有哪一种选择是绝对不幸福的。所以我觉得，明白不把不同的人生选择设立在两个极端的对立面，才是真正重要的事。我现在没有结婚，是因为我没等到那个人，不是因为结婚不幸福，会成为爱情的坟墓。我现在不要孩子，是因为觉得时机未到，没有做好准备，但不是因为有孩子不幸福，会绑架我的人生。悦纳自己，悦纳他人。没有任何一种人生选择，比其他的选择更高贵。最后，对是否要孩子这件事衡量标准的个人建议是：目前是不是发自内心地想要养育一个孩子。我想要生个孩子，用爱陪伴他长大，体验这过程中所有的辛苦和快乐，以及对一个人此生都舍不掉的牵挂……不求任何回报，只是发自肺腑地想成为一个人的爸爸或妈妈。这时候，我再要孩子。而不是说，因为我妈妈说，孩子能给我养老。
361723201,2,悠妈闲语,女,19944,https://www.zhihu.com/people/a-huang-liu-liu,珞珈山本硕，家有小公主，职场第11年,960586315,2020-01-06 05:29:36,84,306,41,有娃以前，我是个没啥母性的人，不怎么喜欢孩子，从来不抱任何人的小孩（包括我哥我表哥等一切很亲的亲戚的孩子），因为我很怕不会抱然后把别人小孩抱疼了，又或者没抱好然后小孩摔了；而且也不知道怎么逗娃，也不想主动逗；孕期我妈让我多对着肚子说话，我也觉得无话可讲，还觉得很尴尬，直到开始有了胎动，开始慢慢的买婴儿的各种东西，看到阳台上晾着的小袜子小衣服，看到老公认真的组装婴儿床，才开始有点觉得自己是一个妈妈了，要迎来一个宝宝了。怀上很顺利，孕前期也很顺利，但是纠结如我，每天都担心着这样那样的问题，孕中期检查发现宫颈短，自己在家查资料吓得直哭，后来医生说确实太短，建议休息，最好别上班了。那个时候真的是母爱爆棚，生怕宝宝有什么意外，后来为了保险，就请病假就一直到生了，基本在家半起卧床状态，终于医生开病假条的理由那栏从先兆流产到先兆早产，然后说每天可以略微散步下了。2019年新年应该是过得最惨的一个新年了，那时候23周，突然肚子痛，孕期又不好确诊，疑似阑尾炎，吊了几天抗生素，当时在医院真的是万箭穿心，一方面肚子疼的睡不着，一方面又担心打了抗生素对宝宝有影响，一方面又在后悔自己为什么要喝那杯有点冰的酸奶，一方面让自己不要再想免得负面情绪影响宝宝可是还是克制不住，总之那几天，别人都在欢欢喜喜准备过年，我却在病床上每天忧思，出院后家人因为顾着我，也没做什么大菜，都陪着我喝清粥小菜，因为当时还是处于宫颈短，躺在家里也不能怎么出去，现在回想起来，真的是不忍回忆。好在后来检查一切顺利，虽然又经历了顺转剖，终于平安的迎来了我的可爱天使。有娃后，感觉就彻底离开我的少女时代了，玻璃心变成钻石心了，有了需要倾尽力量去守护的勇气，有了退无可退时依然要再进一步的坚定。因为在这个世界上有个人不因为你的外貌学识性格工作等等一切外在内在因素而无条件的依赖你爱着你。开始从社恐且宅变得爱出门爱主动与人社交，因为得带着她接触大自然，带着她和别的小朋友玩，和别的妈妈交流育儿经；还参加了知乎的母婴创作营，认识了很多天南地北的有趣宝爸宝妈开始变得爱收拾，以前超级懒很少做家务，奉行断舍离家里东西也比较少，现在有娃后家里各种玩具还有娃要用的东西衣服太多了，一会儿不收就乱翻天了。开始变得惜命养生，开始变得热爱运动，跟过去爱熬夜重口味暴饮暴食等不良作息告别，因为我要用健康的身体，陪伴她健康长大。开始变得更有执行力，以前每年立N个flag基本都打脸，因为孕期时经常躺着体重飙升了快60斤，产后4月还有135斤，体能虚的一比，心理还略抑郁，为了有个更好的身体和心态来带娃，报了产后修复班，3个月40节课一节不落的上完，体能体型基本回复，现在能带着娃走木栈道爬小山开始懂得生命的意义和神奇，看着她从一颗受精卵慢慢长出小手小脚在肚子里动来动去最后变成一个小人儿，一点点长大，眉眼是我和老公的结合，手脚和我一模一样。开始变得更加关心眼前的每一片风景，因为我要通过我的所思所想，带着我的娃去感受这个美丽的世界………总之，感谢怀孕生娃，让我从一个比较无趣、时常迷茫的人变得更加热爱大自然，热爱生活，热爱生命。我以前最烦逛生鲜区，觉得气味一言难尽（主要是我以前也不怎么做饭基本靠食 堂和外卖过活），而现在每次带娃逛超市，在人来人往的生鲜区，给她指这是什么蔬菜什么水果、那是什么鱼什么虾的时候，这种热腾腾的烟火气给人带来的踏实和温暖，真是太美好了！带着娃逛生鲜区的周末https://www.zhihu.com/video/1197173216811040768
361723201,2,知乎用户o3EQfG,女,8524,https://www.zhihu.com/people/xiao-zhao-62-14,,960604405,2020-01-03 03:03:58,34,368,54,题主，不知道你的具体情况怎么样，但一般来说，很多人的人生规划大概都包含“四件大事”，即上大学、找工作、结婚、生子。知乎上关于这四件事的讨论很多，由此也可看出，这些事对很多人而言都是有意义的，否则就不会引起讨论，就像没有人会在朋友圈发“白米饭九连拍”一样，因为那对大部分人来说都不具备讨论的意义。而你，也问了一个相关的问题，这就说明，你母亲的话对你来说是有意义的，因为它至少引起了你发问的冲动，如果你坚定地认为生孩子丝毫没有必要，你也不会这样问了。那么，别人直接告诉你“重要”或“不重要”，基本上都不太负责任，你觉得呢？毕竟，你的人生只有一次，各种选择的结果只有你自己来承担。我的朋友圈里，也有一些已婚已育的人，个别人每天都在发泄对婚姻生活的不满，称公婆不操心，老公很没用，孩子不听话，自己非常后悔结婚生子。要知道，一个人的言论包括她的认知和情绪，也许她的生活真如她所说的那么糟糕，也许她是一个比较悲观的人，夸大了生活的难题，也许她面临这种状况是因为她自身解决问题的能力不够……这些都有可能。如果你问她“生孩子重要吗”，估计她会给你一百个劝退的理由，可那样的理由对你有多大意义呢？你人生中的这部分内容，还都是未知啊。类似地，也有不少母亲用朋友圈记录孩子每天的成长与变化，比如孩子学会自己洗脚了，孩子开口叫“妈妈”了，孩子因做了噩梦吓得不肯离开父母的怀抱，孩子主动把零食分给父母吃……这些人积极展现着生活中的各种“小确幸”，让人深受感染，但这也并不意味着他们的生活就没有烦恼了，只是比起烦恼，他们更珍视这部分幸福，也更愿意记录它们。其实，不管别人的生活怎么样，也不管别人会怎么说，最重要的是，对你而言，你想得到什么？你愿意付出什么？你能够承受什么？生孩子也好，不生孩子也罢，都对应着一部分“得到”与“失去”，因为世界上没有什么事是只有好处没有坏处的，你只能根据自己的实际情况大致判断你将面临的得失，然后再决定要不要做某事。最后，我想提醒你的是，希望你不要被别人的情绪所影响。劝你生孩子的人，未必就是出于什么恶意想要诱骗你堕入生活的陷阱，因为大家素不相识，没必要针对你。同时，劝你不生孩子的人，也未必就是出于什么善意想要带你走上幸福的康庄大道，因为大家毫无干系，没那么在意你。你生了孩子，网友不会替你起夜喂奶，你不生孩子，网友也不会替你养老送终。所以，希望你会有自己的判断，做出让自己的生活相对幸福的决定。
361723201,2,博士妈妈育儿记,女,17644,https://www.zhihu.com/people/lilyyang-1,海归博士，育有喜爱STEAM的女孩一枚,960975796,2020-01-03 08:11:48,68,383,72,"我是比较大龄结婚，我老公更是大龄，以至于婚礼上所有来宾都祝我们“活的更久一些”，因为结婚太晚了，希望我们一起生活的更久一些。即使是这样，婚后我都不确定是否要孩子，婆婆和妈妈说，你们年纪不小了，想要的话就趁早。我问老公：“你想要孩子吗？”我老公说：“不知道，既然大部分人都要，我们也要吧，也算丰富人生经历。”我其实有些讨好型人格，喜欢让周围的人满意，既然婆婆、妈妈、老公都说要生孩子，那就生吧。他们喜欢，他们高兴，我就高兴。于是踏上了备孕的道路，中间有些波折，但是还是比较顺利的怀上孩子。刚开始知道怀孕的时候，我完全没有什么沉浸在心愿的实现的喜悦中，因为自己都没搞清楚自己要不要生嘛。有一段时间居然还担心从此没有二人世界，时间和空间都被孩子挤占了。就这样熬过十月怀胎，迎接了女儿的到来，我依然无法进入母亲的角色。月子里夜奶，休息不好，身体还很虚弱，我异常烦躁，甚至做梦梦见好多小孩在门口围着我，我害怕的大力把门关上了。老公给我解梦说：可见你有多讨厌孩子了。直到月子过完，月嫂走了，老公上班，婆婆来了一个月之后有事回去，留下我一个人照顾孩子，我才从每天给她洗澡、唱歌、讲故事、哄睡，换尿布、做抚触这些事情当中，慢慢体验出了当妈的乐趣。我喜欢给她洗完澡后捞出来，捏着小胳膊小腿做抚触的感觉；喜欢给她读书时，她牙牙学语的声音；喜欢哺乳时和她的对视，喜欢她的小手拉着我的食指；甚至喜欢，我吃饭的时候，把她横在我的腿上，透过透明的玻璃桌子看着饭桌下面的她，仿佛她就是可口的菜，我要看着她才能吃下饭。是的，原本对是否要生孩子没有概念，生孩子是为了满足周围的人的我，现在觉得生孩子真的很重要，因为孩子能丰富你的人生体验，能让你觉察过去数十年你未曾察觉到的习性，能帮助你成为更好的你。比如，当老人对着孩子说：“你再不听话，我就不要你了。”的时候，你会想起小时候自己听到这话，是多么的恐惧和无助。你会希望自己的孩子不要再经历这种恐惧，很自觉的会要求自己保护孩子的安全感，去学习一些心理学知识，去了解孩子，去理解孩子。这些过程也是让你更了解自己从哪里来，经过了怎样的养育过程，成为了现在的你。也有利于你改变性格中一些不利于你发展的部分，而这部分可能之前你都没有意识到对你的影响是如此深远。孩子会让你变成一个包容，有爱的人，会让你用一颗更宽容的心对看待事物。我其实是一个对他人和自己要求都比较高，甚至有时候是比较刻薄的人。有了孩子，我一开始也无法接受她的缺点：她怎么不长头发？她怎么没有乐乐小朋友识字多？甚至她画的画，做的手工，在我眼里都是充满了问题：颜色没涂满，小雪人鼻子黏歪了。是的，我一开始就是个喜欢打击孩子的苛刻妈妈。可是当你发现，你的孩子在你的打击之下，在你不停的挑毛病的挑剔的目光下，变得越来越退缩，越来越不敢尝试的时候，你的心不会痛吗？嗯，反正我是痛了，还深刻的反省了。我尝试着改变，每次不管她做了什么我都先找闪光点，亮点，要一直夸，一直赞，还不能泛泛的表扬，要具体的言之有物的赞美。这个改变，不只让孩子重新找回了自信，变得活泼开朗了。也让我和别人的关系更加融洽了，因为我已经不再是之前那个总爱挑毛病刻薄的我了。这只是孩子带给我改变的一个小例子，这样的例子还有很多。以铜为镜,可以正衣冠;以古为镜,可以知兴替;以人为镜,可以明得失。我觉得以孩子为镜，可以让父母更了解自己。每次看到这个小小的人儿，就像看到了小小的自己，你应该怎么对待他呢？你是不是应该成为更好的自己，才配做他的爸爸妈妈呢？但是我真的不同意题主妈妈说的生孩子就是为了养老，如果带着这样的目的生孩子，孩子也不会幸福，父母也不见得会实现“养老”的愿望。所以题主要想好，如果生孩子是为了养老，我劝你再想想。如果是为了满足老人，我劝你再等等。等到自己真的准备好陪伴一个鲜活稚嫩的生命一段人生路的时候，你再要吧。"
361723201,2,匿名用户,男,0,https://www.zhihu.com/people/,,2044607706,2021-08-07 08:11:43,478,525,68,我一直搞不懂所谓的孤寡老人很惨到底惨在哪？能够活到老就已经超过很多人了，我也去过养老院当志愿者，不就是护工态度粗暴点而已吗？也有部分心理脆弱的老人天天以泪洗面，但这离惨还差的很远吧？有吃有喝有地方住生病了有简单护理大病会送医院，这惨什么？“养儿防老”是中国才有的词，中国人强调善始善终，好像人活一辈子只要有一天不开心就是不得了的事一样，这就是不懂知足的贪念，是文化陋习是糟粕思想。对于真心不想要小孩的人来说，人生大半时间违背自身意愿，活得像狗一样，只为了临死前能稍微舒服一点，这无论怎么看都是极其荒谬的亏本买卖。说别人被现代观念洗脑，那些认为只要老祖宗说的就是对的人，真的会独立思考吗？真正被洗脑的人都是这些只认死理，不讲逻辑的人。
361723201,2,言语治疗师Joanna,女,14654,https://www.zhihu.com/people/SLP-Joanna,美国言语语言与听力协会认证言语治疗师，注册双语语言病理学家,960791711,2021-09-09 23:39:15,11,99,19,生不生孩子是个人的事，但是孩子一旦生了，就很重要！个人认为，不管做什么决定，考虑的点应当是：「我能够在这上面如何成长」，或「我的人生能够呈现什么价值」，甚至是「我能够为这个社会贡献什么」（这点本不敢写出来，怕被骂“圣母”），而不是怀有目的性地想「生个孩子养老」。因为，如果做什么事都怀着功利的目的，生活往往会叫人失望，万一孩子没办法为你养老呢？老人难免希望能够传宗接代，妈妈的担心能够理解。但就像小马过河，老牛说「河浅的很」，松鼠说「太深了淹死我」，如果小马心里想的是：「我必须过河，因为过河能够让我看到对岸新的风景，我也为此练习多日」，这说明它已经做好了过河的准备，它就不需要参考别人的意见了。以上都是废话。总结一句话就是：题主可能还没有做好生孩子的准备。我的孩子是我人生中的祝福，就像其他回答者说的那样，我的孩子带给了我快乐（想想ta的「笑不露齿」）、幸福感（有一个爱你、依赖你的人）、初为人母的满足感（每天见证孩子长大，学会新的技能），甚至极大地促进了我个人的成长（一夜之间有个活人需要我来负责，我能不成长吗？甩手掌柜除外）。但是，如果知道自己没有准备好，选择不生孩子，也是明智的。我记得看到有人说过这样一句话：生孩子不用培训，养孩子需要补习！在还没有孩子之前，我是无法想象孩子降生后接踵而至的责任。没日没夜喂夜奶、睡眠不足、给孩子做辅食、研究育儿书籍、试图平衡「母亲」v.s. 「我」、育儿开销，诸如此类。这也是为什么 @知乎亲子 上有这么多很好的育儿信息，因为不补习不行！由于职业原因，我每天接触的都是有语言迟缓的孩子。咱不谈有疾病诊断的孩子，最令我心疼的是那些发育正常的孩子，由于父母自身也不成熟，基本上父母很少为孩子提供高质量的陪伴，天天在家里都是看电视，或者玩手机游戏，语言输入极少，上学跟不上，语言发育迟缓，最后来到门诊治疗。非常明显的：同样有语言迟缓的孩子，A家长积极配合、门诊时认真做笔记、回家实践，孩子明显看到进步。B家长一进门就坐椅子上掏出手机，我还得喊他三次才知道我在跟他说话，孩子康复了半年进步缓慢（因为回家就变回老样了）。如果题主想要进一步探索自己是否「做好准备」，可以先从身边有孩子的朋友那里开始，比如约个play date，听听他们的想法，或者志愿陪娃一下午，试一试……～看到这里都是真爱，喜欢就用点赞告诉我吧！拓展阅读：言语治疗师Joanna：美国ASHA主席给我发了一封邮件……怎样跟婴儿一起读绘本？有哪些育儿书籍让你觉得相见恨晚？2 岁宝宝从未接触英文，有什么合适的英文原版早教绘本推荐吗？背奶妈妈在上班期间如何消毒吸奶器？求推荐适合0-3岁宝宝的英文绘本？有必要跟新生儿、婴儿聊天吗？为什么？如何在家中促进婴儿语言能力的发展？我是言语治疗师Joanna，是美国屈指可数的注册双语言语治疗师（Speech-language Pathologist），在美国儿童医院有多年的临床康复经验，同时也是二胎妈妈，正在辛苦培养（拉扯大）我家的多语种宝贝，写作是我放松的方式，希望能够以文会友，在育儿路上一同成长！
361723201,3,素商,女,1576,https://www.zhihu.com/people/waitingfox,夏虫不可语冰,952173784,2019-12-27 05:49:03,307,561,72,挺重要的。人生中有很多非常重要的路口，不同的抉择会影响接下来的一生，结婚生子就是这样重要的路口之一。我是丁克。但我从来不会建议别人尝试丁克，一来因为我相信大多数人的选择必然是相对来说更平坦易行的路；二来我认为人生路终归该自己走。最重要的，丁克不是传说中那么简单。我们终归是最平凡不过的普通人而已，而且，人的想法观念往往会随年龄的增长改变许多。当年岁渐长，父母渐渐老去，姑舅一辈人相继离世，见过他们的晚年生活，见过他们人生最后的光景，也许更能理解子女的意义。真正决定丁克的人，一定是有某种信念追求足以支撑我们独自一人面对和承受这一切，不惜付出任何晚景凄凉孤独无助的代价，而不是对未来的无知无畏，不是一时的意气孤勇。想尝试丁克的你，真的深思熟虑过吗。
361723201,3,诚sir老爸,男,218985,https://www.zhihu.com/people/lin-zi-cheng-57,"厦大医学｜二胎爸爸｜前500强总助
运动｜育儿｜家居｜数码",960914323,2020-01-07 09:40:54,204,1312,307,警告:千万不要生孩子！！——对于女人来说，那是长达9个月的怀孕期，肚子一天一天大起来，手脚浮肿，身体笨重。刚开始还会恶心呕吐，食欲大减，以前看到好吃的会吞口水，怀孕后看到好吃的就反胃。在私企上班的孕妇，还有可能面临同事和老板的不公正对待，稍微疲劳一些会加剧身体的不舒服感。很多衣服都不能穿了，孕妇装设计其实也没那么多，关键是，肚子上莫名其妙地出现许多纹路，仿佛像无数条蚯蚓在爬。会心烦，气急，胎儿越来越大，子宫压迫上腹部，经常感觉喘不过气，睡觉也睡不好，孩子在里面练习佛山无影脚。临产时，如果还没反应，有可能要放水囊软化宫颈，特别疼，一阵一阵的冒冷汗。打催产素，开始宫缩，在冰冷的产房里等待时间的流逝，一指一指开，仿佛地狱的大门。十级阵痛，拼尽全力，比肋骨断折的感受还更疼痛，一不小心胎儿过大还会撕裂，顺产难受，剖腹产更是术后疼得下不了床。就算生完，产妇只能睡2-3小时，新生儿要不断吃母乳。想像以前睡一个整晚的安稳觉？不存在的！12点喂一次奶，2点喂一次，4点，6点……醒来的是升起的太阳和自己的黑眼圈，还有松弛的肚子赘肉。——对于男人来说，生孩子意味着节衣缩食。以前动辄成百上千买一双球鞋的日子，再见了，因为每次你打开网页的时候，都会想着这一双鞋值多少罐奶粉多少包尿片。你处理过屎吗？没有？好，打开小孩的尿片，里面稀稀拉拉棕色画面迎面而来，你得用纸巾沾水把屁股上的残留全部抹去，然后是拐弯处。再用干纸巾擦干净，换上尿片，防止被婴儿的高射炮尿一脸。你必须要把手臂练得更有力气，给婴儿洗澡完，双手抚触，做一整套电视剧里的大保健，从头到脚。很多事对于男人来说都是第一次，你必须得拿出不怕脏不怕苦的信心，不是一天两天，而是数年。晚上一边看CBA，一边还得脑海里盘算着老婆几点吃夜宵，宝宝几点可能会再醒，哭闹都是什么原因造成的，预防针几号去打。打球？下次吧。游戏？换完尿布都几点了，队友早睡觉了。于是，对于习惯了自由浪漫生活的女人男人来说，生活成了连续剧，更多的是重复:喂奶，安抚，换尿布，然后再重复数遍。你们还会发现，以前的时间经常可以拿来发呆，用不完，现在呢？几乎没有自己的时间，想到以后宝宝长大的各种开销，不禁担忧起来。一天天这么过去，你们的个人生活围绕着宝宝转，精力和耐心都要被榨干了。工作，交际，照顾宝宝。你们的兴趣越来越少，钱包越来越瘪。忙碌一整天，作息不规律。终于！！你们要崩溃了，在某个午后，刚刚喂完奶的女人，和刚刚换完尿布的男人，躺在床上。两人都看向平躺着的那个小宝宝，小宝宝睁着大眼睛也看向两人。“老公，什么时候生二胎？”“老婆，听你的。”“宝宝像你还是像我啊？”“我觉得像我。”“骗人，像我才对。”阳光撒在床上，暖暖的。最后，说点题外话：我认识一人，她实在是太优秀，但我也觉得，她这么多年真的屈才了。她是国内前二的师范大学硕士毕业，上课让人感觉如沐春风，关于英语和教育的理论娓娓道来，从耳朵直接传到你的心里。她教我翻译的时候该怎么断句，如何让读者读起文章来不那么生涩，所以我下定决心，和出版社合作出版了科比的《巫兹纳德训练营》和即将上市的伊格达拉自传《硬核第六人》。她的很多关于篮球的理解，作为一个几乎一窍不通的局外人的理解，却经常可以给我灵感。她现在有了小宝宝，才不到一个月，但是她从一年前就开始筹备相关育儿理论，书看了一本又一本，俨然成为这个领域的专家。她改变了我的生命，对了，她还有个身份——我媳妇，墩墩的妈。现在，她自己开了个知乎号，希望能影响更多人，关于英语、爱情，也关于育儿、教育等观点，和更多朋友分享。@墩墩妈咪回答里面说的大部分痛苦，都是张老师和更多女人所承受的痛苦。没有体验的人生，没有发言权。所以，我完全认同她可以跟大家分享更多关于爱情、育儿的观点，当然还有她的老本行，英语老师。我这些年的英语也都是跟她请教的。还是那句话，有兴趣的朋友可以关注她，谢谢大家。@墩墩妈咪PS：最好大家也能给她的知乎第一个回答点个赞，给她更多信心，感谢。
361723201,3,战斗力旺盛的伯爵,男,138327,https://www.zhihu.com/people/gyi-liu,英国四大审计,960520673,2020-06-16 12:43:48,1704,47150,9452,我劝评论区的男性，还是少说两句话。就生孩子这件事，我们男人就是欠女人的，没必要占了便宜还要咄咄逼人。反正生育的负面影响又不是男人来承担，男人当然都愿意要孩子了，就像【老王出100万，和你一起投资一个项目】，你当然愿意接受，因为本金又不是你出，盈利了能共享，亏损了又不亏你的本金。所有生育带来的负面影响，都是女人在承担，那么我们就理应把生育的自由交还给女人，让她们自己做决定。老板当然会不遗余力劝你996了，反正老板自己在高档会议室里喝着咖啡，享受着你加班的成果，他们又不用承担加班到深夜猝死的风险。正如男人单方面享受着孩子的好处，但他们又不用怀胎十月，在产房里痛不欲生，面临可能存在的产后抑郁，以及因为生育被公司老板嫌弃。真想让女人生孩子，那就好好交流，展示出你对女性生育风险的充分理解，拿出你补偿她们生育损失的诚意。而不是像个大爷似的，觉得女人生孩子理所当然，不生就各种威逼利诱恐吓。———分割线———2020年了，还有人拿【晚年没人养老】来诱骗女生结婚生子？中国男性平均预期寿命73岁，女性平均预期寿命79岁，而男性普遍找的对象都比自己小。这说明：就算一个女人结婚了，大概率晚年也会是一个人，因为丈夫会先死好几年。哦对了，还要在丈夫临终前一把屎一把尿的照顾伺候。而且别忘了那句著名的俗语【中年男人三大喜，升官发财死wife】。这大致就可以看出来老婆在很多男人眼里是什么地位了。如果不巧身体比丈夫差，得重病更早，就别指望很多男人照顾你了，很多人也许巴不得你走快点，好再娶个年轻的呢。所以很多男性威胁女生说什么【不结婚晚年就没人照顾】，实际上是怕【自己死的时候没人照顾】。至于孩子？这个年代，争气的孩子都在外面工作，有自己的小家，谁会天天跑回老家照顾父母？从晚年的生活这个角度来看，女生结婚生子唯一得到的好处，就是临终前几天，前几个小时走得不至于太孤独，身边有人陪着。但是这么一点点的好处，和遇人不淑（家暴/出轨/丧偶式育儿），以及生育本身带来的精神肉体事业上的损失比起来，那真是微不足道。不生育导致多赚的那些钱，让自己晚年住更高档一点的养老院，都能抵消掉这点损失了。评论区有一位总结的很好所以题主的问题显而易见了。生不生孩子，一定也不重要。真想生，一定必须是非常坚决，做好了万全的心理准备的情况下。千万不要在犹豫不决中，稀里糊涂地就生了孩子。当前情况下，女生的最优解：努力读书+出国工作+结婚生子次优解努力读书+国内工作+不育普通解努力读书+国内工作+结婚生子差解不努力读书+家庭主妇最差解努力读书+家庭主妇实在想要孩子，还有领养呢，为什么一定要用肚子生呢。
361723201,3,烟水,男,8789,https://www.zhihu.com/people/wei-xun-de-dong-ye,猫爸/Dom/TEM8/N2/钢琴竖琴,960576324,2021-08-09 08:06:18,389,3417,715,不重要。实名反对“繁衍说”、“体验说”和“责任说”。“繁衍说”的逻辑: 大家都不生孩子，人类岂不是要灭绝？“体验说”的逻辑: 在人世间走一遭，应该体验父母与子女间的骨肉亲情。“责任说”的逻辑: 不要孩子的人太自私，只想自己享受，有了孩子才知道什么是“责任”。我只想说: “每个人都有赋予孩子生命的权利，但都没有赋予孩子死亡的资格。”众生皆苦，没有任何一个人是自愿来到这个世上的。要知道，生命本身是没有意义的，繁衍也只是人类面对死亡恐惧时，欺骗自己有个孩子能延续生命，证明自己在这个世界存在过，来达到自我催眠和自我麻痹的目的；要知道，你想体验子女绕膝、天伦之乐，却要让子女体验生老病死、疾病别离、奔波终生，让对方没有任何选择。哪个更自私？更一厢情愿？你能给他的生活真的是他想要的吗？要知道，每个人最先应该对自己负责，自己是自己的“第一责任人”。80%的父母做的都不够格，明明对自己都无法负责，却执意要创造一个生命美其名曰“要对他负责”；明明自己这半辈子都过得稀里糊涂，还嘴硬自己会成为一个好爸爸好妈妈，好像完成了某个上帝嘱托的光荣使命。大家不妨快速刷一下这个问题下的答案，劝生的答案绝大多数都是从“我自己为什么需要生孩子”的角度来解释，却几乎没有人能解答“我能为孩子带来什么”、“这个世界能给予孩子什么”。未来年老孤寡？凄凉无助？无法养老？渴望亲情？不好意思，这是一个人的个人问题，这一切的一切都是我们自己要去解决、去应对的，与孩子无关，与另一个生命无关。以上是我绝不要孩子的理由。总结一下: 生命太沉重，我没资格，我不配。尽管我的想法看似如此悲观和极端，但这些看法都源自对生命抱有的极端敬重。因此，我也是发自内心敬佩和感谢各位爸爸和妈妈，因为你们具备的三个品质让我倍感振奋: 爱，信念，勇气。尽管我们不在同一个阵营，但我打心眼里感谢你们为这个世界带来的希望、生机和色彩，至少我真的做不到，也无法轻易过自己这一关。希望全天下的父母和孩子健康、开心、幸福，有足以打败任何负面情绪的“爱”。也希望各位知友不要被我的负面情绪影响，能坚持本心，正面迎接新生命的诞生。再次谢谢你们。2021.8.9看了一下这个答案的点赞、喜欢、评论和私信，产生共鸣的女同胞们要比男性多不少，可见生育这件事，女孩子无论是心理还是生理上，承受的压力都会更多更大。希望所有选择生育的集美们都可以阖家欢乐、老有所依。希望所有不愿选择生育的集美们都可以有选择权，得到身边人和社会的理解和温柔。
361723201,3,粘小羽,男,47766,https://www.zhihu.com/people/yuweilan,说点实话没多难。。。,946830777,2019-12-23 05:27:13,96,300,43,你需要跟老人强调的是，养儿未必防老。确实，父母有抚养子女的义务，到了父母老了，子女也有赡养父母的义务。但是，如今很多家庭都是“支离破碎”的，原因有很多，比如子女长年在外工作，独生子女无法同时兼顾两家的四个老人等等问题。所以，在很多情况下子女只能是让类似养老院、日照中心这样的地方去帮忙照顾，很多还要请保姆等人帮忙照看。这所谓的养儿防老有的时候跟有没有这个“儿”，关系并不是很大，只要父母的实力足够，那养老院、保姆等自己也能去得起、请得了，并不是非得有个孩子。。生孩子的意义在于你想要培养好一个下一代，他可以让自己活得开心，为社会做出贡献，这才重要。如果只想着养儿防老，那对孩子是不公平的，因为根本没有想过孩子，孩子也是独立的人，他也是有独立人格的，不可能是父母说“你要养我”，他就会这么做。并且，如果从一开始父母的想法就有问题，很可能孩子的思想和人格也会有一些问题，这样不仅仅是对自己和父母造成困扰，很可能也会给社会带去危险。所以，生孩子重要么？重要。。重要的是，你要想好自己到底是为了什么而生孩子，自己能不能把孩子当做一个独立的个体而不是自己的附属品。如果不能，那还是不生比较好。。
361723201,4,扈之遥,女,507,https://www.zhihu.com/people/hu-zhi-yao-36,_(:з)∠)_咸鱼。很少登知乎。,948823296,2020-01-24 08:17:47,1291,5598,451,你找得到丁克的对象么？找不到的话，跟你说个最日常的事。我爷爷洗澡摔了一跤，脊柱骨裂，他身体很好，养了两年基本恢复了，除了蹲不下来什么都不影响。某天我看到爷爷叫奶奶，帮他剪一下脚指甲，现在他做不到这件事。奶奶坐在小凳子上给爷爷剪脚指甲，而我在那一刻似乎突然明白为什么都说老了需要个伴。如果你觉着你找得到，我这还看到过一个事。一对相约丁克结婚的夫妻，感情一直很好，婚姻幸福。直到两个人近40岁，男的突然改变了主意，他突然非常非常想要一个孩子。女人是绝望的，为了挽回婚姻，她决定生孩子。可惜这个年纪的她始终没能怀上孩子。男人离婚走了，娶了个年纪比较小的老婆，他老婆为他生了个孩子，一家三口幸福美满。而女人，没有孩子，没有丈夫，孑然一身，孤独度日。前者，你可能找得到方式解决，人总不会被逼死。然而，冷暖自知吧。后者，也许你找得到跟你共度一生的丁克对象，就是看青春赌得起与否1.24更新一些东西很多明白人一看就懂我想表达的。但有些个……今天本来是想上知乎看一下关于病情的讨论，一下子又看到好多之前回答的回复，其中不乏人身攻击和侮辱。我很奇怪，这是知乎风气？喜欢逛各个app，除了这里就没看到心平气和的评论或者回答会引发恶意人身攻击的。好吧，以后不打算再更新，现在就评论主要几点说一下。评论:你真会编故事A:emmm，我真没这个文学水平和见识，能编出这两个例子。前者，若不是看到这个场面我压根想不到老人也要面临剪脚趾甲的事，为什么感慨并关注，就是因为想不到，所以看到的时候心里震撼并想到自己，我老了也要面临这个问题。后者，如果我要编故事我可以说我附近有人这样了，评论区有很多人也诉说了身边实例，写身边有例子岂不是更可信？然而并没有，恰恰是我没有编造。可能社交圈狭隘，我身边没有丁克，只是从新闻还是哪里看到这个例子，道听途说，我也一早写明了我是看来的，并非编造以及亲身经历。如果真要编例子来提升可信度，评论很多人提到尔冬升不是最好的众所周知的例子？我何必。评论:你养孩子是为了防老才养真自私A:excuse me？我文里半点没提孩子你是怎么自我脑补到生孩子防老？又是怎么关联到我的答案的？？？？？我奇了怪了，我写答案的时候，脑子里想表达的概念仅仅就只是“人是社会动物，人需要陪伴”。两个例子都是以这个角度来回答提问者的问题，提问者问生孩子重要么？她只是单纯看到有孩子是否必要的问题，没有看到丁克伴随的伴侣风险。我只是温和提出两个事例希望她了解这个风险，知道即可。铁了心丁克的人不会在乎，随波逐流不懂风险的人看到也算是可以了解一些。有孩子半毛钱关系？？？那么这些脑补着我为了养老而生孩子的人凭空是怎么出现的，我得喝口肥宅快乐水压压惊。（还有咒我生孩子孩子早点死她要放鞭炮的……卧槽立马举报，这多大仇？这些人到底是怎么蹦出来的？说好的知乎高素质？？？）评论:那生孩子也有离婚的风险A:丁克的风险与之不能等同论，丁克只是不想要孩子，不是等同单身主义者，你这点风险都不承认还引导一大群懵懂的年轻人那不是为他们好，是坏心眼。丁克也好正常结婚生子也好，都有好有坏，我一点都不否认。所谓冷暖自知，是真的只有自己知道，别人无可置喙。评论:为什么女的离了男的就必须过得不好？也许她过得很好啊A:亲，你在说这句话的时候你自己就已经否认了她啊。我原话是:而女人，没有孩子，没有丈夫，孑然一身，孤独度日。你看着惨而忿忿不平？你想过你为什么这么觉得？因为对比之下，女人没有孩子，男人有了；女人没有丈夫，男人有了妻子；女人孑然一身，男人是一家三口的状态；女人孤独度日……联想现在过年，她自己过可不是孑然一身？描述没问题。但你不知道的是，因为我只是看到这件事而唏嘘所以记住了，当时什么状态我记忆中描述出来就是什么状态。我并不知道后来发生了什么，女子是欢欢喜喜出国旅游，享受孤独狂欢还是怎样，所以我真的只是描述当时看到的，不可能刻意编造她兴致勃勃高兴出游之类的。你在看到描述就否定了她，这叫做，人之常情。并不是我非要让她不好，相反，一切皆有可能。但你要认清事实，明白这个概率。评论:你爷爷奶奶没钱，不然你们得扑上去代劳A:原谅我这么说——您可真丑陋。大概在您的观念里，没钱就该死，天下乌鸦一般黑人性就该为钱左右而已。您现在看着新闻里奔赴疫情前线的工作人员是不是个顶个的傻叉？不好意思我们家是对他们每个人都有极大的敬意，我们生活的环境多为感情所左右。评论:那你奶奶怎么办？A:我爷爷比我奶奶更健康，除了蹲不下来。爷爷早年常常下乡，奶奶一个人带大我爹我姑姑叔叔四个孩子，大北方天寒地冻，落下一身病。感觉你们认为剪指甲这些事子女不帮助就是不孝似的，自然而然提到儿女，提到养儿防老。但我们家不是这样的，我爷爷奶奶绝不会面临没人照顾的情况。事实上……我爹我姑姑叔叔，我们这一辈我，弟弟妹妹，谁不想跟他们一起住？但我爷爷奶奶，特别独立，他们平时的生活可能跟丁克差别不大，他们觉得他们子女大了自己有家了就都是外人。他们不希望子女染指他们经济，不管子女要钱，不喜欢子女来影响他们生活。剪脚指甲，是奶奶恰好没什么事，爷爷并不想我来，因为他觉着他们两口子才要一起做这些琐碎的事。后面还有因为奶奶做饭忙，爷爷不情不愿叫我让我帮他拽裤腿，我欣然帮忙。所以我们的帮助都是——我爹时不时买一头羊，一些牛肉猪肉的丢奶奶家，我姑姑时不时稻香村麦香园买一堆茶点丢奶奶家，我叔叔时不时买件衣服鞋子丢奶奶家，我时不时买洗头膏沐浴露等等日用品给奶奶家缺哪补哪，弟弟攒钱隔三四年给爷爷奶奶换一次手机，妹妹学做手艺品或者甜食来给爷爷奶奶……但老两口不想我们这些“外人”管太多，买的牛羊日用品他们总找机会想塞回来，过年生日都塞大大的红包。他们不缺亲情，他们夫妻过的是最传统且美好的男主外女主内的日子，一旦有事所有人都会抢着冒出来。行了，不说了，也差不多要准备过年了。希望我们，还有你们，那些陌生的人们，新年快乐，万事如意！希望中国平安度过这一次，不再扩大，希望大家平平安安！
361723201,4,卢悦,男,766290,https://www.zhihu.com/people/lu-yue-46,,960712982,2020-01-03 04:39:54,172,891,199,记得以前看过的一部电视剧，女主淡定地对父母说，要等生孩子不是负担了的时候再生，可她公公却跳着脚说：“你这是自私你明白吗！你们想过老人的感受吗！”这情绪激烈的，我真怕他犯了心脏病……一提生孩子，很多人必提“传统观念”，什么“传宗接代”、“儿孙满堂”、“开枝散叶”，简直在说不生就你就不是中国人，好像每个人出生后就自带一项不可删除功能：生，多生，生男孩，否则你就是愧对祖上。在一次电视采访中，一位老阿婆就说：“年轻人想晚点生是自私啦，他们想的是自己，可是你要想到整个家族嘛！”你看，言外之意，你活着不是为自己，你要首先为家族活。这放在过去，确实有它的意义。记得看过一份统计，清朝某个皇帝的子嗣，许多都是很小就夭折了，活蹦乱跳扛到成年的没几个。想想看，连皇帝他们家都这样，都不要说普通百姓。过去条件差，繁殖本身是一件艰难而充满风险的事，质量难以保证怎么办？拼数量呗！于是我们就形成了一种根深蒂固的关于延续香火的集体无意识，一代代地对人进行着催眠，让女人把生育作为自己的天职，将女人的人生定义为婚姻美满、儿女双全才是圆满。“姑娘，等你到了岁数，自然就会想要孩子了！”“我被那个渣男耽误了这么多年！”如果你是一个女人，听到另一个女人说出这句话，你一定会心领神会。因为我们都知道，从生育功能看，女人的身体是有“保质期”的。“现在不生，到后面没得生了！”“那么晚生对你身体不好，对孩子也不好。”“你现在不做选择，等到你想选择了，老天不让你选了！”诸如此类的话不绝于耳。西方也有一种叫做“生物钟”（biological clock）的流行观念，指的是女人有一种随着时间推移越来越想要家庭和孩子的倾向，这理论声称，女性会随着年龄增长，身体自然而然地“想”要孩子。的确，女人到了更年期，面临绝经的时候，多少是会感到沮丧的，因为这是她女人身份里最重要最特殊的一种权利的丧失，无论如何，丧失都不是那么令人愉快的。相反，能够生育，在精神层面上对女人会是一种肯定和承认。往更深的心理层面说，女人能生孩子而男人不能，这可是一个女人可以“打败”男人的领域，甚至是一种骄傲。想想吧，一个细胞在女人的体内孕育成为一个智慧生命，这个过程就如同上帝造人般神奇，的确能够给人带来很大的价值感。佛洛伊德的精神分析关于生孩子有个有趣的理论认为，男人之所以把大量的精力放在工作上，就是因为他们不能生孩子，而生孩子是人类超越一切重中之重的大事，女人因可以生孩子，而天然就获得了一种强烈的自我价值感和存在感，而男人却不行，所以他们只好通过拼命工作，获得价值感和成就感，避免空虚感。你把鸡蛋放在几个筐里了？我曾经有个同事，一心一意地想要孩子，可就是要不上。后来她干脆不上班了，常年在家休养，期间听说经历过几次小产，也是很令人揪心，眼见着她的状态随着孩子的问题起起伏伏，上上下下。好在最终如愿以偿，一个重度晒娃狂魔诞生了。我这位同事总算还是幸运的，但如果结局并不那么理想呢？虽然生孩子能够满足一些女人很重要的心理需要，而没有在最佳生育年龄有一个孩子会是一种压力和打击，但如果我们把生育作为衡量自己价值的唯一标准，就有些太极端化。就像我们在考场上，比赛场上，中等焦虑往往发挥得最好，成绩最佳，而如果过度焦虑，就会输了游戏也输了自己。有些女人因为没有怀上孩子，整个生活都停摆了，陷入深深地苦恼中，甚至觉得没有孩子的人生都不值得过，就像有的老人说的“生了孩子才算女人”， 这就说明她的自我价值感太低，只能附着于通行的社会标准生存。如今，婚姻、孩子其实只是女人众多价值感、幸福感的来源“之一”，如果你只有这“之一”，而没有“之二”“之三”，那就说明你已经被过度被物化了，被原生家庭或是集体无意识洗脑了。高考早结束了，可你还在填写试卷？从小到大，关于童年，我最多的记忆就是各种测验，各种考试，我所面对的一切都分为两个世界，一个是“对”的世界，一个是“错”的世界，而判断这“对”与“错”之分的，是一个叫做“标准答案”的上帝般的存在。我一个朋友更惨，回到家里，还要面对妈妈立下的无数规矩，如果不服从，好吧，她会以每五分钟为间隔，一直念叨下去，不抛弃不放弃，总之，孩子是没有任何可以讨价还价或者开溜、给个特例的机会的。她说她现在就有一种几乎是强迫性的思维，很多事一定要如何如何，必须要怎样怎样，非得按照是非对错归位齐整才可以，“人生不可以有误差”。放在人生大事上就是，也没有为什么，但她就觉得必须得结个婚，有个孩子，否则这个坎就怎么也过不去。我对她说：“你这是要逆天吗？”“逆天？难道不应该这样吗？”你看，她的人生真真地被“应该”二字圈死了。我们的人生总有缺憾，不可能事事完美，这一辈子本来就是一个从“1”到“0”，从有到无的过程，很多东西都会慢慢失去。而难以接受这种丧失，要求人生必须圆满，必须具备若干标配要件，其实一种婴儿思维，是一种对失去的无法承担。这往往来自于我们的幼年生活或生存环境中，养育者对我们缺憾的不接纳，比如，我这位朋友，小时候考试考了99.5都会挨打，连0.5的误差都是不被容忍的。这是一种只存在有条件的爱的环境，这种爱是贫乏的，是苛刻的，是强制性的。这就造成这个孩子无法体验“自定义”的人生是怎样的，她不用调动自己的感受、思考，只要照着做就好了，所以长大后她也不会去想，女人还可以没有孩子？对要孩子这件事，我自己的感觉、标准是什么？她无法形成只属于自己的VIP式的自我价值感，而只有标配的、流水线上的自我价值感，她只能按照既定的标准答案去完成人生的试卷，而没有自发的、自我的答案。所以一旦少了那个0.5，她就崩溃了，她没有灵动的内力去大大地褒奖自己说：“我特么不是还得了99.5呢吗！”写到这里，我想起了王菲和窦靖童。不少人骂王菲不是个好妈妈，说她养的孩子男不男，女不女。我倒是想说，窦靖童不按标配生活，不按世俗标准出牌，她这个妈妈依然可以全然接纳，在这一点上，至少王菲是个有包容力的妈妈，有了这一点，窦靖童在年少时就有机会去尝试，也敢于尝试，就更有可能找到真正的自我，形成自己的价值标准，过一种自创的生活方式，也就是说，她能够自己为自己的存在找到一种说法——这是不会被外界所摧垮的最坚实的基础。假如有一天窦靖童真的惊世骇俗地出柜了，我想她内心的台词也一定是：“我是不是同性恋，关你屁事？”那么作为一个普通人，我们又有没有足够的胆量说一句：“我生不生孩子，关你事啊？”你自己的选择是什么？生不生孩子，本来就是人生的选修课，而不是必备件，是应该由我们自己去思考、定义和选择的。要求天底下的人都要生，或者像一些伪女权大V那样恨不得给女人子宫阉割，都是一种绑架，一种挟持，一种控制。而什么样的人容易被绑架，被挟持，被控制？答案就是，自我贫乏的人。过去，我们是不被允许有自我的，人生永远都在追逐那些外在的、大家都在追的标准。比如一个女人，年轻时要嫁得好，一个男人，一定要成为人上人；有了孩子之后孩子要优秀，成绩好；等自己老了，孩子必须要孝敬，要给生个孙子……看起来这一辈子好充实，其实我们的内在永远都是饥饿的，恐慌的。电视里看过一个对催生的妈妈的采访，她就说：“我们老两口住四百多平的房子，家里好安静，我们很寂寞的。”而我一个师姐在生了孩子几年后感慨说：“现在连个花我都不敢轻易养，那也是一个生命啊，是有责任的啊！”的确，真正对自己、对孩子负责任的做法，是不要把孩子当作物、动物、宠物，而是真正问问自己：·我是自己想要孩子吗？·我是不是为了家族的繁衍而生孩子？·我喜欢孩子吗？·我知道有了孩子之后人生和家庭会受到怎样的影响？发生怎样的改变？·我准备好了吗？·我心甘情愿承担这些后果吗？如果没有想清楚这些问题，而是在家庭和社会的压力下结婚生子，一旦发现其实自己不喜欢这个婚姻，不喜欢孩子，就上了贼船了。看着铺天盖地对好妈妈好爸爸的宣传，很多人选择咬牙做圣母，要求自己必须喜欢孩子，不敢表达对孩子厌恶、拒绝等等负面的感觉，否则连自己都饶不了自己，于是就形成了虚伪的父母。这样的父母，会不自觉地用阴暗的、不为人知的方式向孩子释放他们的负面情绪，这是对孩子更深的伤害。孩子既能看到爱，又分明感觉到爸妈对自己的讨厌，就会自相矛盾，不知道自己是谁，不知道自己到底是不是可爱的，新一代不能接纳自己的孩子就又被培养出来了……说到这里，大概有人会说，我还是不要孩子了，想明白再说！也有人会说，我就是没想清楚就生了，其实有个小孩好烦人！还有人会问：如果等我想明白了要不要孩子，生育年龄也错过了，怎么办？有没有完美的解决方案？比如，怀孕之前必须做人格测评，不合格的不许生？或者生了孩子之后发现不喜欢就可以让国家来养？或者先冻卵，等想明白再说？好像都不太现实。所以，我们不得不面对的人生悖论就是，你无法在品尝一道菜之前，真正准确判断出自己会不会喜欢这道菜，而当你判断出你不喜欢的时候，你也已经吃下去了。这种带着缺陷的缺憾式人生，原本就是常态。我们真正需要的，是一份以不变应万变的三观，是一种面对和接纳真实的自己与人生的能力。我们不必做完美的父母，我们完全可以坦然承认自己对孩子不喜欢的那一面，表达出自己的感觉。虽然孩子没有得到教科书上的完美的爱，但他们能得到一种真实的生活，一份真实的爱，从而也就能够真实地面对他们自己，找到如实发展自己的空间。还记得有一次，两个同事在聊天。一个抱怨带孩子的烦恼：“你可以想象我在写作时，周围3D环绕立体声反复播放‘妈妈’‘妈妈’的叫声时，我内心的崩溃吗？更过分的是，我点保存的速度，跟不赶不上他的手速！”另一个同事安慰说：“慢慢来，都说为母则强，人们总说有了因才有果，其实有的时候，是有了果，才有因的。”是啊，人类的伟大之处，不就是能够在一切不完美之中，总能找到自己存在下去、继续前进的理由吗？二十六岁的女儿不愿意生孩子怎么办？为什么老一辈那时带孩子那么轻松，对比现在带娃就像伺候祖宗一样？学习了许多育儿理论，仍然无法控制情绪吼孩子，我该怎么改变我自己？心理咨询师卢悦：为什么生完孩子第一年是婚姻最危险的时候？应知乎邀请，我参加了盐选会员日#职业档案局#，整合15年咨询经验，打磨出这份职业故事档案。点此围观别人的匿名故事，体验 15种不同的人生打开方式，修自己的心，也欢迎你分享自己的感受或故事。1021 盐选会员日@心理咨询师卢悦，70后，婚恋作者，央视、北京卫视、凤凰卫视多档栏目特约心理专家，心之助女性情感心理平台联合创始人。著有《爱情有毒》、《爱到绝处便逢生》、《过日子就像玩闯关游戏》、《亲密关系的重建》。——心有助，不孤独——图片来自网络，侵删心之助原创文字，未经授权不得转载，侵权必究。
361723201,4,米宝的爸,男,57757,https://www.zhihu.com/people/hui-fei-de-yu-80-33,母婴用品、儿童心理优秀回答者,960279643,2020-01-10 06:58:13,85,66,8,生孩子真的很重要，且不说“什么年龄做什么事情”、“只有生孩子的女人才是完整的”这些高大上的理由，就是单凭孩子的一句“妈妈，我爱你” 或者“妈妈，我想你了”，就足够暖化你的心！十月怀胎辛苦，分娩过程痛苦，养育、教育孩子千辛万苦，可是当他长出第一颗小牙、第一次清楚的叫你爸爸或者妈妈，到帮你捶腿揉肩的时候，那种满足幸福感抵过所有！曾经看到过很美丽的一句话：为了参与一个生命的成长，不用替我争门面，不用为我传宗接代，更不用帮我养老！这句很美丽的话是不是能坚定生孩子的决定呢！
361723201,4,胧夜的摇篮曲,男,271726,https://www.zhihu.com/people/qi-ming-44-92,爱游戏动漫电影，爱玩爱溜达,960952344,2020-01-03 08:01:07,170,178,28,重要不重要，其实在于你个人。我下面逐条分析下生孩子与不生孩子的好与不好，但是无论哪一条，对每个人的重要性都不尽相同，你可以根据自己的实际需要来判断下，你到底需不需要孩子。生孩子好处：1.老了有人管。虽然经常有老人抱怨子女不孝，但实际上，即使是不那么孝顺的子女，也总比老无所依要强，也总比外人强，毕竟血浓于水，有孩子不至于老了之后生病都没人管，离世了还有人操办丧事。2.基因得到延续。每个人都是独一无二的存在，生孩子可以让你的血脉得到延继，是生物学上的延继，这点对男女都一样。当然，有的人完全没这种想法，那可以无视这一条。3.赋予希望，生活重心。小时候我们总是做着各种各样的美梦，认为自己长大了一定会光辉无限，自由自在。但实际上成年人的生活是枯燥琐碎的，可能一辈子都没有太大变化，白天上班，晚上打扫，剩最后那么点时间做做自己的事情。如果能培养出一个后代，看着TA慢慢长大，那这辈子也算是有意义吧，不至于太空虚。如果你能时刻保持活力和对生活的热望直到老去，那也可以无视这一条。4.情感支撑。亲朋好友最后都会结婚生子，渐渐和你疏远，而你的长辈们，七大姑八大姨，不管小时候多么疼你，最后总有一天都将离去。人年龄越大，越难交到新的朋友，别人都是天天谈论孩子长孩子短，也没空和你搭话。有孩子至少可以带孩子出去玩，享受家庭亲情，给自己的心灵一个情感上的支撑。而且有孩子，相对来说不那么容易离婚，家庭会更稳定。真心享受孤独的人可无视这条。5.孩子是被这个社会认可的入场券。现在的社会真的还很传统。先不说来自父母和亲戚的压力，没有孩子的中年人找工作都没人要，因为人家觉得你不务正业，或者无牵无挂不好管，但是有家有业的人却又因此当牛做马备受压榨，老板知道怎么挤兑你，你都不会辞职。“有毛病/怪人/生不出来吧/loser/自私”，是社会大众对中年无后人士的普遍评价，除非你社会地位碾压他们，让他们想都不敢那么想。而不生孩子好处，就是你一辈子不用那么累，挣的钱都是自己的，下班之后闲暇时间变多，结不结婚也有着更大的自由选择权。综上所述，如果你内心强大，真心享受孤独，不考虑晚年生活，比起社会评价更重视追寻自我，没有孩子能把生活过得有滋有味有意义，那孩子真的没那么重要。大部分情况下孩子还是重要的，这也是大部分人要孩子的理由。但大部分人不见得就是对的，或者说要孩子这件事本就没有对错之分，一切看你自己实际情况和需要，自行衡量。愿大家都能遵循内心选择，无怨无悔。
361723201,4,二横,男,27955,https://www.zhihu.com/people/er-heng-he-ai-yun-yi-37,前航天工程师|创业中父亲分享带娃的点滴,960452391,2020-01-03 03:59:36,17,176,32,每个人对生孩子都会有不同的理解。在传统观念里，生孩子就是传宗接代，经常看到多少代单传，当然这些也和重男轻女有关。也有养儿防老的观念，但是随着社会养老制度的完善，以后可能并不用操心养儿防老的事情。随着时代的变化，大家获取了大量的信息，对整体有一个自己的判断，社会的自由度也高了，年轻人有自己的想法，也诞生了很多的丁克族。也有很多的家庭需要靠孩子来维系，成为夫妻之间的纽带。要不要孩子，都不影响人一生的幸福，自己过的快乐就好。说说我自己，大学网恋，毕业工作了几年就结婚了，又过了两年觉得可以有个孩子了，当时没有想那么多。生完孩子之后，我才觉得我真正从一个男孩转变成为了男人。有了孩子，是我的第二次成长。要学习很多的东西，责任感也强烈了许多。为了孩子也改了很多的毛病，也勤快了许多，厨艺见长，也爱看书了。……我觉得生孩子的好处，就是为了他，你做了很多的改变，就是我们人生的第二次成长。有孩子也给生活增添了许多的酸甜苦辣有了你经历了夜夜讲故事陪你入睡经历了整夜陪你在医院，第一次上场表演舞蹈是幼儿园六一表演的舞蹈《炫酷老爸》，经历了常年动物园和自然博物馆，去了迪士尼，回忆起小时候的唐老鸭米老鼠，也经常楼下沙子堆里玩沙子，河边捞鱼，创造力也强了许多，做了很多的手工，我也学会了节省，也学会了努力我愿意为你负重有了你，才有了这些，有了你，我才成为了一个长大了的爸爸。
361723201,5,心愿成真,未知,9,https://www.zhihu.com/people/xiao-gua-fu-31,,946801605,2019-12-23 05:08:16,23,122,8,我认为生孩子不是重要的.重要的是和谁生。如果你不爱一个男人走进了婚姻已经错了一步了，就千万不要一错再错生孩子。因为原生家庭的环境对孩子太重要了，你们不相爱，自然不会互相体贴包容，家庭氛围肯定不会好。别相信骗人的鬼话有了孩子就好了。有了孩子作为女人是最苦的了，一边是不爱的男人，如果脾气品行不好还会折磨你，一边是嗷嗷待哺的孩子不能放下，自己只能咬牙熬到孩子长大，这还没算婆婆公公怎么样。生活就是这么磨练人，渐渐的身不由己，过自己不喜欢的生活，满是仇恨又要咬牙继续活下去。如果你们相爱就另当别论了。
361723201,5,墩墩妈咪,女,2642,https://www.zhihu.com/people/yu-jie-zhang-lao-shi,个人账号迁移至“教书匠张大宝”，欢迎各位继续关注。,965612518,2020-01-07 06:12:45,142,289,61,新手妈妈，娃刚21天。奶完娃，哄睡着，看小人儿像粽子一样被包裹着，安静的呼吸不时伴着惊跳反射带来的颤抖声，我还常常惊叹，自己居然生出了一个人类。生孩子真的很重要吗？我认为这个问题只有生过孩子的人才能回答。因为这整个过程的体验是无法用语言向未经历过生育孩子的人说明的，或者说，没有经历过这个过程的人是无法产生共情的。我还没怀孕时，问生完孩子的闺蜜生孩子真的很疼吗，她给我一个眼神说，你到时候就知道了。孕期问一个有两岁娃的同事，有了孩子对你最大的改变是什么，她想了几秒，我以为她会说很多，而她只说了一句，&#34
361723201,5,飒姐,女,289976,https://www.zhihu.com/people/thus-helian,,961003299,2020-01-03 08:35:30,8,60,13,生孩子的确是一件很重要的事情，你可以找出N多个生孩子的理由：比如，老有所依，传统中养儿防老，为的就是将来自己老了，可以有自己的孩子照顾，能够更好地度过晚年时光。题主的妈妈说的话有道理，人老了，哪怕你手里有钱，身边没人，你连花钱的力气都没了，怎么办？常常有人会说：人老了，身体不利索，更容易得病，如果没有孩子在身边，那该有多凄凉？比如，有个孩子，家庭才算更完整，角色由原本的二人世界，切换到人父人母。在抚养孩子长大的过程中，为他一点一滴的小惊喜而感动。在教育孩子成长的过程中，自己也在不断成长。养孩子，其实是一场不断提升自己的修行。比如，孩子的可爱调皮，给你带来的那种幸福感和欢笑，是其他人没办法给予你的。人的天性中就有的父爱和母爱，会让你愿意把世界上最美好的东西都给他。我觉得生孩子的确是一件很重要的事情，但是我并不认为，人生就必须生孩子。没有孩子的人生只是不一样的人生，但是并不一定就是失败的人生。生孩子会给你带来生活的改变，会有更多的压力，会占用你大把的时间，甚至会让你不再美丽，这些也是它给你带来幸福感，带来欢笑，带来对于未知的老年的安全感的副作用。究竟孰轻孰重？这个只有自己选择。如果生，那就好好生，好好养，努力让幸福大于痛苦，对得起自己受的罪。如果实在不想生，那就不生，但是仍然要多一手打算，为自己以后的人生，尽量低留存多一些资本。人到晚年，没孩子也许并不是最凄凉的，人到了晚年，没孩子，又穷困潦倒才是。
361723201,5,要学的太多,男,130580,https://www.zhihu.com/people/yao-xue-de-tai-duo,主业搞搞国际关系，武版吃货、教育版网黑，著名攻势防御战术家,960664135,2020-01-03 03:56:29,165,306,79,养儿防老。这话在物质匮乏的过去，可能是经济上的考虑多些。但放现在来讲，更多是精神上的。年轻人群体对于老没有什么体会，感受不到衰老带给人精神上的压力和身体上的变化。更无法想象半失能状态下的无助，毕竟大家已经忘记了自己在年幼时的无助感。所以相较于精神上，大家普遍能理解为什么在经济上要交社保而不是自己拿钱爽。因为这实际上是将养老的压力交付转嫁给了社会，而众所周知，社会不会惯着你的。丁克一族在年轻时绝对是大家羡慕的对象，省下育儿的钱和时间，吃喝玩乐周游列国，浓情蜜意浪漫满屋。但从来没有白来的欢愉，我周围的丁克老铁现在已经发现了一个棘手的问题:就是他们现在已经没法把我们这些原生朋友们约出来玩了，只能去向下寻找90后的朋友。玩照样是那些玩，甚至还会得到一些从来没有的敬仰和尊重，但年龄的代差使得他们已经开始感到乏味和焦虑了。————如果说做支教还能体会到的贫穷下，孩子们的天真所带来的力量。那养老院助老活动真的会让人感到心酸。我们每次助老一般会带一些水果点心作为礼物，有一次一个小姑娘买少了又没告诉我和领队，结果到了养老院不够分，有老人没领到生气的哭了。我去安慰他们时才体会到，他们不仅把这个看成一根香蕉一个小蛋糕，而是当成了一种爱的攀比，你有我没有那就接受不了。因为他们能从外界获得的爱太少了，自身内部忙着着处理面对死亡的恐惧和焦虑，更无法自己产生爱。因为都是社畜要上班，所以助老活动一般都在节假日。一些子女的一般提前一天就把老人接走了，留下来的都是没人接的或者无子女的。在他们面前子女就是一个禁忌话题。有的老人会跟你念叨，说孩子不管自己了。更心酸的则是说孩子特别忙，所以不来就不来了，没事。还有一个老太太跟我说过，她现在终于理解她孙子在幼儿园等父母接时的感觉了。而无子女的老人，普遍话很少。有的还会开启心防机制，表示有孩子又有啥用，然后在养老院怼别的老头老太太。————生孩子是两个问题，一个是生，一个是育。很多人惧怕生孩子的原因，是恐惧责任和辛苦。但同欢愉一样，责任和辛苦从来没有白付出。伴随孩子的成长，父母也随之一起成长。相当于给了你一面镜子，让你参与所有环节从新活一遍。他使你有能力和动机，去解决儿时未解决的问题。至于担心无法给孩子最好的。这是一种无意义的自我恐惧。有一定的物质基础是重要的，但生孩子不是焦虑攀比。保持基本的衣食住行，就能生活的和和美美。过度的早期教育和这个那个营养补剂有用吗？或许有那么一点，但意义没有想象中大。在成年早期如果没有处理好亲密对孤独的冲突，那么就很难开启成年期的下一阶段成长。也自然难以想象与“孩子”产生亲密关系。“当青少年在青年后期或成人早期还没有完成这种与别人的、与自己的内心资源的——亲密关系时，他只能拘泥于刻板似的人际关系而不得不保持一种深邃的孤独感。这在一段时间里可能令人愉快，但若一个人不能超越这种生活方式，就会导致情绪和个人满足感发展的严重滞后。“解决冲突使人能勇敢迈向下一步。在生育对自我专注的冲突中，选择丁克实际是一种回避。我个人也向周围的丁克朋友们建议。可以不去生，但不要放弃育。育是成长的重要环节，其过程会帮助你合理的开启老年期的，自我调整与绝望的冲突。说白了，生孩子，并不是只为了孩子，更多的还是为了自己。很多人想不明白或者假装想明白了而已。以上
361723201,5,Eleven丰收妈妈,女,170392,https://www.zhihu.com/people/feng-shou-ma-ma,心理老师/家庭教育课程资深教研/公众号同名,960771205,2022-03-28 15:49:56,347,950,183,我还真调查过“不想生孩子的理由”，访谈过一些90后甚至95后，他们告诉我：1. 没钱：没房没车，更买不起学区房，碎钞机太恐怖了2. 没独立：不想老人带，怕被干涉；想自己带，但我还是个宝宝，我已经自顾不暇了……3. 怕牺牲自我：孩子老大，我老二？不能出去度假，每次花钱买东西时都要想着自己不要了，给孩子买吧；想追求事业发展又要陪孩子？做不到……4. 怕为了孩子成为社畜：我不爱用功贪玩，工作也是喜欢轻松就干，拼命挣钱和复杂的人际关系受不了，不想未来因为孩子的教育问题而努力干自己不喜欢的事。5. 怕自己教育不好：孩子不听话天天气死，辅导作业脑溢血怎么办？我也不是圣人，所以，不生为好！6. 怕抢我老公：现在全家人都是最爱我的，尤其我老公，万一生了孩子全家人肯定最爱孩子了，再不幸是个女孩，不是为自己生了个情敌吗？还不能伸冤， 没人同情你，谁让你是当妈的呢？7. 没信心做个好家长：我自己都缺乏父爱母爱，没有好榜样，觉得自己不懂爱也不懂相处，我还想给自己找个好家长呢8. 没需求：有狗狗猫猫陪我就够了，爱宠物胜过爱孩子……9.怕疼怕变形：如果不是我生，我肯定要孩子。疼的是我、身材走样的是我…凭神马？当时听了这么多肺腑之言我竟然没觉得有代沟，因为我生孩子之前也是这样想的，有几项重合。但，我生孩，是因为我问老公为啥要生孩子，他说：“我们俩没有血缘关系，生了孩子，我和你就更亲一步了。”（生物学意义上的间接血缘亲人”）哇塞，在我尚且觉得这个男人可以共渡一生，牢牢抱住的新婚阶段，这个理由，算是给我答疑解惑了。这里必须注明，婚姻是难的，独立和依赖之间的平衡，考验夫妻双方人格成熟度、稳定性等等，孩子咋可能是婚姻的保障。从二元关系：夫妻，到三元关系：一家三口，这个发展，会有两大可能：要么承受不了更糟；要么磨练彼此成熟度、多种角色，更亲密。有孩子的中年夫妻老年夫妻的满意亲密关系是肉眼可见的稀缺，但，有孩子与否只是家庭走向的一个催化剂。关键还要看夫妻是什么人。（安全感、人格独立、自力更生、感情怎么样、自信也欣赏彼此、还是彼此的差评师？等等。如果都不怎么样，那生孩子是很有可能把这些内在“危机”外化出来成为糟糕现实的。）孕三个月的时候后来我儿子出生，我体会到最大的感受是，一家人都因为孩子，有了新的“血缘连接的身份感”：爸爸、妈妈、爷爷、奶奶、姥姥、姥爷，每个人都和这个孩子有血缘关系。说白了，就是感到更凝聚了，分工协作，各自发挥自己的优势，我和老公上班挣钱，奶奶做饭，爷爷接送，一家人的凝聚，这个孩子是最幸福的。我们也是。大丰收画的一家人生孩子肯定是自己的事，但从心理学角度，作为一个娃已经5岁了的80后，我觉得题主你妈妈说得有道理~~倒不是“养儿防老”，而是，从人生阶段来说：德裔美籍发展心理学家Erikson的人格发展理论认为：图片来自《Parenting of Gymboree》25-65岁，成年期，面临“繁殖VS停滞”的冲突。如果在这个阶段建立家庭，生了孩子，成了父母，人就会试图把一切传给下一代或创造财富去提高下一代的物质精神生活水平，会感到生活很充实，发展出“关心”的品质；否则，可能出现一种“停滞感”，仿佛生命原地踏步。65岁之后，自我整合可能遇到困难，感到失望或厌倦。人的社会属性，决定了与人，尤其是重要他人之间的关系质量，表征着人生的意义，是人生智慧的集中体现。我身边有很多已婚未育的朋友，有些会在这个阶段，说无聊，没干劲，玩完了呢，总觉得有种恐慌或没找落，我说：你生个孩子就好了。倒不是怂恿大家都去生孩子，有娃之后的生活，天天真的很充实，想着怎么更好，站在更大的社会层面看自己的处境，看自己能给孩子多少资源，知足，也知道要更好。也会在忙碌的生活之余，停下来，放放空，“避避世”。能体会到，依然在生长、追求，但站得稳稳的，有根，有家。孩子会让你“入世”，继续社会化过程，也锻炼我们“用出世的心做入世的事”，修炼自己“出世”的心，和“入世”的能力吧。可参考：@知乎亲子 如果还有具体的情况需要咨询，可以点这个找到我：
361723201,6,同工Same,男,208417,https://www.zhihu.com/people/zou-yu-tong-1,合作VX公号：邹博士的火车，愿消减网络戾气，减少网络暴力。,960806777,2023-08-23 12:32:59,1880,2597,295,（更新）你必须有个孩子。（哪怕去领养）否则真的惨惨惨！非常的惨！怎一个惨字了得！！！去年陪妈妈的一个同学在看养老项目，调查了几个附近的养老院（浙北苏南地区的），充分了解了现在的养老院生活环境，人际关系。泣血得出结论：剩女也好剩男也罢，你一定要有孩子啊。我当时看的养老院基本都在月花费3k～5k的档次（中档以上），基本也是对应有退休金的中产养老者（这个价其实大多数无业老人也承担不起）。硬件上：毕竟东部沿海地区都还可以，单间双人间（空调、独卫、床单更换），基本的医护设备人员一应俱全。伙食方面都是食堂制，自己打饭（无自理能力的也有护工打饭，护工后面可以值得细说）以下为网图 ，跟我看到的差不多～～～～～～～～～～～～～～～分割线～～～～～～～～～～～～～～～～～～～硬件确实现在还可以，毕竟国家发展了。但是人际关系，生活处境就值得细说了…………第一、养老院里的内部鄙视链。你没看错，真的有人的地方就有江湖，就有鄙视链。很多老人其实和孩子差不多（有好有坏，人生一个圈）。鄙视链一：（儿女出息的离退休干部）鄙视（儿女一般的离退休干部）鄙视（无儿女的离退休干部）鄙视链二：（儿女出息的一般退休人员）鄙视（儿女一般的退休人员）鄙视（无儿女的一般人员）你就会发现无论哪条鄙视链，无儿女的都在最底层。《桃姐》截图例子：俩老人吵架，A老人骂B老人（老剩女）：B你这个断子绝孙的，事情还怎么多？！再吵信不信我叫我孙子打你。 B老人立即默默无语，回房间抹眼泪了。 无比令人心酸。第二、可怕的护工的群体。无论哪家养老院（也许那种非常高端的没有，我也没有接触到）都存在着医护人员不足问题，能做到医护养老比有15:1已经很不错了。所以，这部分的空间就会被护工所代替。与医护人员有学历、受监管相比，护工二者皆无（多为附近乡村城镇闲散人员），而且请护工也是养老者私人行为。再讲述一下护工：养老院用地面积需求较大，鉴于当前地价，中档型的养老院几乎都分布与城乡结合部+郊区。不信的话，你可以现在打开任何一类地图软件搜索一下附近养老院的情况。城乡结合部的区位，以及雇主能给护工的工资（4K左右）以及护理老人工作环境的恶劣性：端屎端尿+消磨耐心。    护工的低素质来源是无解的。所以，这样来源的护工虐待老人的情况，真的不算鲜见：老人上厕所不方便，护工就给你塞尿管（而且护工都是用便宜的，自己抽油水），你要是敢晚上大便打扰你请的护工睡觉。骂是正常，打也不奇怪。（部分读者也许还不知道什么是尿管。给个尿管图吧，看着你就知道多难受了）所以重点重点：这时候有无儿女的差距就太大了！C老人被护工插尿管导致尿路感染，幸好C有个儿子。C子发怒，把护工一顿锤，威胁如果以后听到自己娘说被虐待了，肯定让护工全家不得好过。C老人从此睡得安稳。其他没有子女的DEF老人，恐怕连被虐待的消息都传不出来。遇到这种护工，你到时被虐待，无处呼喊，还得不断给护工钱（说不定他还要弄你遗产），堪称人间炼狱。惨不忍睹！！个人的公众号：小同工的火车分享社会经验启迪人生。
361723201,6,旅行者一号,男,59228,https://www.zhihu.com/people/mengyongran,,962290680,2020-01-18 17:04:04,3,13,0,更新一下刚看到一个新闻，你们自己看题主的问题描述中说：前几天我跟我妈聊天，她说一定要有一个孩子，这样的话老了以后才有人养你，因为老了以后失去了劳动能力，什么都做不了，这时候孩子就能抚养你这种想法是过去经验的总结，没错，没有孩子的人，在过去的年代，确实老了很辛苦，去养老院都会被欺负。现在呢，我觉得单身人士，丁克人士，尤其要好好关注脑机接口，这类科技，已经有孩子的，只生了一个的，也好好关注一下，因为我们大家都指不上孩子养老。等你病了，失去自理能力了，老话说久病床前无孝子，什么意思，谁都受不了长期照顾卧床不起的病人的。你的希望是脑机接口这样的黑科技，你能想象20多年前我们都用传呼机吗？科技的发展速度比我们想象得快得多，未来我认为老年人真正靠谱的养老方式，不是养老院，不是找护工，也不是靠自己孩子养老，而是脑机接口这些黑科技。但问题来了，这玩意等我们老了，需要用的时候，能不能足够便宜到大家都用得起，这是个问题。金钱，再一次起到了强大的作用。如果生了孩子，以为能指望他养老，老了发现指望不上，需要指望黑科技，脑机接口，机器人，而这些费用不低，你又没啥钱，护士问你，上不上机器人，脑机接口，这玩意几乎完美解决老年生活不能自理问题，不但让你活得有尊严，而且又质量，你都能上网冲浪玩，要不要，你说钱不够。护士问你，钱呢，你说养孩子了。重不重要看你如何看待自己的一生。老了住养老院，没儿女会受欺负，这可以理解，有人就有鄙视链，老年人更是如此，我妈催生就是因为这个，她同学抱上孙子了，话里话外都是孙子，其实我猜是因为同学关系在，没好意思直接鄙视，但间接表达出，你看，我有你没有的意思肯定是很明显的。于是俺家老太太就不淡定了，开始催生。人言可畏，被鄙视不好受，所以人类都想尽办法逃出被鄙视的处境，努力达到或者找到能够鄙视别人的高地。生孩子到底重不重要，我想过无数次这个问题。如果把视角聚焦在养老院的晚年生活，没有子女肯定会承受一些痛苦。但是，年纪越大，我越明白一个道理，凡事都有空间和余地的，都是可以闪转腾挪的，都不是非黑即白的。社会老龄化是大势所趋，不可逆转，相关产业也一定会应运而生，不断丰富。这事暂时看，老人是弱势群体，长远看未必。只要有利可图，就会有更多商家入场，只要竞争关系形成，消费者就会受益。就像最近两年AMD的崛起，CPU市场终于开始竞争了，英特尔不能再挤牙膏了，新款CPU价格直接减半，多好。养老院也一样，未来一定会有越来越多的养老院，也会有更多的老人用品和医疗设施被不断研发出来，市场会变得更加成熟，活跃，这些都是对未来老人的利好消息。有需求就会有供给，未来无子女的老人增多，社会上难道不可以出现，针对这个群体的养老院么，大家都没有，大家都一样，别的方面可以继续互相鄙视，但子女这件事上，没啥可鄙视的，都没有。这些空间和余地，只是一方面。即使从现状来看，只考虑老年生活的凄凉，也很片面。老年生活并不会注定凄凉，你看王德顺过得比很多年轻人都生猛，如果你只是年纪大了，但是火锅吃得，旅行去得，美女看得，小酒还能喝两口，何谈凄凉。记得看过一个采访，一对老夫妻说，养孩子成本高呀，据说都算下来得200w呢，菜先生的旅行团一次费用2w块，我们没有孩子，能参加100次。真正凄凉的是「失去自理能力的老年生活。」这时必须有人护理，现在这年头，家里有孩子也指不上，你总不能让孩子天天在家照顾你，他们还要打拼自己的事业，还要上班。所以结果通常两种，一种送养老院，一种请人在家护理。我承认，这个时刻，有子女，就算不能天天陪你，也能有个照应，其他人也不敢欺负，但是，已经失去自理能力的老人本身的生活质量已经急剧下降，这时说难听些，就是熬日子。别人我不能随便评论，反正我思考过，如果我到了失去自理能力的时候，其实我的人生已经死了，只是我还有呼吸。如果我年轻的时候，注意身体，保持良好的生活习惯和健身习惯，适当运动合理饮食，我相信，大概率，从失去自理能力到去世的时光应该不会太久，有个几年时间已经很长很长了。你可以看看这个图中，人生的几个阶段，真的要为了最后那段灰色时光，不被鄙视，不被欺负，就选择生孩子，改变之前漫长的人生轨迹么？别的理由可以，比如就是喜欢孩子，想拥有一个自己的孩子，这种义无反顾可以，想让自己有延续感可以，思想传统，觉得不要孩子不行，可以。但为了老年生活，准确的说，是失去自理能力的老年生活过得舒服一点而生孩子，奔着生个护工？糟蹋了最美好的亲子关系。我想等自己老了，提前准备好简易有效的方法，当自己失去自理能力，无法享受生活，美食也吃不动了，旅行也走不动了，天天必须大把吃药，卧床不起，我就主动结束。我无法选择来到，我可以主动选择离开，这样我觉得自己更有尊严一点。当然，这些都是理想状态，没准到时候，求生的本能极为强烈，哪怕有口气也要活着也说不定。慢慢过吧。
361723201,6,有事问彭叔,男,118602,https://www.zhihu.com/people/peng-qiu-38,,2285025881,2021-12-24 17:49:34,0,8,3,刚才听一个小夫妻聊天，就是关于生孩子的，那个男的还是蛮想生的，但是他媳妇有点不是很愿意，她媳妇说是现在自己两个人还着房贷，生活才勉强刚刚能过，如果再生个孩子，开支立马就会增加很多，而且这种增加是没有止境的，孩子从出生到上学之前，这需要花精力花钱，等到了上学以后，那就更要花钱花精力，上什么学校，学什么课外知识，都要一步步的算好，生怕出错，好不容易等孩子上了大学，自己能过几天好日子，结果孩子大学毕业以后找不到好工作，自己连养活自己都难，你还得继续给他打生活费，后来他工作能养活自己了，找了个女朋友，领回家来看你，跟你要钱买房，没钱女朋友就要分手，你只能把积蓄拿出来给他买房。他们后面怎么说的彭叔还没听到，但光听到前面这些，就感觉压力很大了，这里面这么多坎，房子是最大的压力，一套房下来，比养孩子这20年来花费的都要多，就像随便一个二线城市的房子，一套200万到300万，养孩子足够了。
361723201,6,语默,未知,112,https://www.zhihu.com/people/sun-yu-mo-74-36,热爱一切美好的事物！,947256115,2020-02-29 02:02:15,28,808,90,2004年恋爱、2009年结婚，一直不想要孩子，想要终生丁下去。父母婆婆亲戚朋友都劝生，从不放在心上。2016年开始，发现生活没意思了，旅游嘛，去了不少地方，国外也去过了，没什么新奇的了，读书进修嘛，三万多一期的心理学课程也学了好几个，人生也没觉得更有乐趣。房子有一套了，再买没动力，吃吃喝喝本来也不爱好，聚会玩耍也早过了年龄。衣服化妆品要求不高，穿什么用什么对心里的幸福影响不大，或者说就是当时消费的时候开心几分钟，过去了也就那样。不知道哪里出了问题，我四处求索，想知道我为什么不快乐，为什么生活变得这么无聊无趣。我找了两年答案，从宗教、哲学、艺术、心理各个角度去探索，还试着养了一只猫，每次探索过后好像好了一些，过不了几天又回去了，继续不开心，直到2018年下半年。有一天我忽然一闪念，是不是要个孩子会有效果。我被自己的想法吓了一跳，不过经过两年多的苦苦挣扎探索，我知道以我目前的状态要走出持续这么久的抑郁不开心是遥遥无期的。我有N多个理由不生孩子，但为了让生活变得有滋味这一个理由，我决定赌一把，生个娃试试。然后2019年7月娃出生了。顺转剖，受了好多罪，36岁高龄的我第一次体验了创造一个生命的艰难而神奇的感觉。现在娃5个月，我不抑郁了，每天开开心心的带娃，想出去吃好吃的、想穿漂亮衣服、想旅游、想减肥、想去进修学习、想和朋友聚会，我又生龙活虎了。生娃重不重要，每个人答案不同，但对我来说，娃治好了我的“不开心病”，我觉得很重要。顺便提一句，结束丁克不后悔，后悔生娃生晚了。
361723201,6,陈阳,未知,17300,https://www.zhihu.com/people/chen-yang-23-96,好怼人,982573510,2020-01-22 11:33:31,2,4,0,别把自己看得多重要，你高兴还是难过根本无所谓。你就是把几亿年传下来的基因继续传递下去的工具罢了。你最重要的器官就是你的蛋棍巢宫，用来培育下一代，其他的所有部分都只是让这些部分能尽量完成它们的任务而存在罢了。现在地球上的一切生物，都来自于十多亿年不间断的繁衍。你能诞生，是你十多亿年以来一代一代的祖先生育的产物，这些祖先的数量已经无法计数了，然而但凡这些祖先里有一个没有竭尽全力生活，有一个觉得生孩子没有意义，那么你就不会诞生。你不生孩子，没问题，你死以后，地球依然转，依然生意盎然，几十年几百年几万年几亿年以后，大概依然会有许许多多生命存在，只不过这数之不尽的生命之中，没有任何一个的基因和你有半点关系。当然，你可能不在乎。我知道你不在乎。无所谓。
361723201,7,匿名用户,男,0,https://www.zhihu.com/people/,,960727028,2020-01-03 04:44:04,8,45,9,不一定，得看孩子的质量。生孩子是一个有风险的事情，这个是必须要知道的，因为最近接触了很多自闭症孩子的家庭，那辛苦与煎熬是普通家庭难以想象的。所以生孩子需要自己做好准备，思想，经济，教育各方面
361723201,7,花猫肥狗,男,10774,https://www.zhihu.com/people/mo-sheng-51-34,孔夫子拿笤帚——斯文扫地,961005089,2020-01-16 03:28:32,25,160,20,我们每个人身处的环境，内心的想法都不一样，所以每个人都是独特的。自己的三观表达出来的行为只要不违反法律法规，不侵害他人都很棒，自己的人生属于自己支配，没有对错。有人说，我很喜欢孩子，开放二胎了，我要多生！有人说，虽然开放二胎，但是现在生活压力太大，不想生！这些都是特别好的想法，一个人最成功的地方就在于能够自己做决定并且为自己的决定负责。我的家族是个重男轻女很严重的一个家族。老人们特别重视传宗接代，在他们的眼里，如果娶了媳妇不生两个孩子等于白娶，这一对儿在家里特别没有地位，过年说两句话就被长辈打断催生，也不论你在外面混的多么风生水起，不生孩子都是白瞎！例：老三，你在外面挣这么多钱有啥用，也没个孩子，挣了都白挣……老三媳妇，你们太自私了，也不生俩孩子，就是光想享受了……以上只是片段。（我妈深有感触，因为我妹妹就是这样被催出来的。）总之一句话就是，不生孩子就是有罪！！！由于是我的长辈的真实口吻，我就不口吐芬芳的批判了，他们也是长期受到传统思想的洗脑。对于重男轻女，被此思想毒害的人，将成为下一代强有力的执行者和监督者。上个月，我还在辅导班当辅导老师的时候当时班里只剩下两个小朋友了，敏敏突然问我，敏敏：老师，是不是男生比女生好！我：敏敏，不是的，你怎么会这么想？敏敏：老师，是不是男生因为可以让女生生孩子，女生生了孩子天天在家里洗衣服做饭拖地。另一个同学茹茹接着说，而且我奶奶只喜欢我弟弟，我弟弟打我，我奶奶也不管！我当时真实的感受就是，听到这个话，仿佛被雷击中了我脑袋懵了，我一时之间想不到怎么回答解释这个问题，两个三年级的小朋友，我也不知道她们能不能听懂。我：敏敏，茹茹，其实呢，男生和女生都是平等，只是奶奶的思想有点落后，妈妈生下我们选择在家照顾这个家做出了很大的牺牲，在工作和家之间选择了家，选择了照顾我们成长，让我们每天都能吃到好吃的，妈妈是不是特别棒！茹茹：是哎，我妈说今天给我做了小鸡腿，我要回家吃鸡腿。对孩子我只能这样说。生活不易，期待幸福。
361723201,7,大白熊爸爸,男,9322,https://www.zhihu.com/people/daddybear9,,961152553,2020-01-03 10:35:03,17,84,17,每个人眼中的“重要”都不一样，而且也可能会发生转变，我说说我的经历。我以前也倾向丁克，因为要孩子有很多坏处，比如自己都还没玩够，就要去照顾孩子了，自己赚的钱还不够花，就要给孩子花了，自己的生活尚且有许多挑战和困惑，就要言传身教去教孩子了。这些听起来就很不靠谱。更别说我老婆身体弱，怕她万一生的时候有个三长两短啥的，我是那种倾向于不冒不必要风险的人，所以我从不坐过山车...但最终我没坚持，因为我老婆觉得不生的话未来会有遗憾，我不希望成为那个给她制造遗憾的人。当时我也会担忧和焦虑，甚至有些恐惧。老婆怀孕的消息，是她打电话告诉我的，我告诉她“挺好的呀，那我们就生下来呗，早两年生对身体好嘛”。可挂了电话以后，心情却是挺沉重的，因为我确实感觉到自己背上了很重的责任。我想每个认真考虑过不生孩子的人，大多数可以体会这种感觉，因为我们希望能付出足够的精力给孩子，并且希望能给他们创造更好的生活，如果很难做到，我们就宁愿不生孩子。而选择生也就意味着，你决定即使难，也要迎难而上了。四年过去了，如意料之中，我们在孩子身上投入了不少时间和金钱，也做出了一些取舍，包括工作和生活上，但并不算艰难。不过也有一些我没预料到的部分。1.生活多了治愈和乐趣。①晚上下班到家时，儿子会冲过来帮我拿拖鞋，对我说：“爸爸你回来啦，我好想你啊”②睡觉前，在我跟他互道晚安后，他会抢着提醒我：“你也要跟老婆说晚安的！”③周末一起出去逛街时，为了让精力旺盛的他不在马路上乱跑，我老婆就装作自己走不动了，儿子就会跑回来牵着她走，嘴里边嘟囔着“可怜的妈妈，我来牵你走吧！”。总之会有非常多治愈的片段。如果说我在忙碌的工作中总是在消耗电量，那么回到家里，这些治愈的片段就能重新给我充好电，帮助我更快找回心理能量，保持好的工作、生活状态。2.父母会因为孩子变得更好如前面提到的，责任意味着压力，但这句话还应该补充完整：压力能转化为动力，动力能逼人自律，而自律能让父母自己变得更优秀。我身边有许多这样的父母，因为有了孩子，更努力地把时间花在自我提升和努力工作上。我想传达的是：生孩子这件事，不一定只是付出金钱和时间的苟且，也可能会让你们的生活有更多的诗和远方。作为曾经的丁克，希望能多给大家提供一种视角。至于是不是“重要”以至于非生不可，这个只取决于你和你的伴侣，不取决于别人。
361723201,7,匿名用户,男,0,https://www.zhihu.com/people/,,942817020,2020-01-03 04:23:56,0,59,8,因为有很多杠精，所以评论已关。虽然下面的想法是我最理想的状态，但是我一点也不担心发生变故，因为我相信船到桥头自然直，中国男女本就不平均，以后没有孩子的老人一大把，国家是不可能不管的，也不能不管的，全世界都在老龄化，以后就是我们无孩老人的天下啦！啊哈哈哈哈哈！！！以下原答案—————————————————我是丁克，等我老了就把房子卖了，去最好的敬老院或者外国的敬老院也可以，我还有剩下的钱，可以用来买基金，只要护工对我好，资产留给她岂不美滋滋~相信我，没有人会对钱不感兴趣的~~~我和我老公都是独生子女，我是90后初，他是80后末，待父母百年之后，我们将继承4套房产，二线城市，最少也有500万，嘿嘿嘿~PS：我们现在赚的没我们父母赚的多，我老公工资8000+，我没上班，而我老妈1万+，我公公退休工资也接近1万。。。我妈的原话：我不指望你们给我养老，我只希望你们别拖累我就行。。。emmmm，我单亲家庭，父亲生病去世很久了，不过大家可以可以放心，我妈晚年会跟我们一起住，因为她目前单身，如果有了第二春，她才不想和我们一起住，她也是非常喜欢自由的新时代女性哈哈哈哈！对了，忘了回答你的问题，现在生孩子考虑的不是未来有没有人给你养老，而应该考虑你有没有被子女拖累的资本。。。
361723201,7,盛夏的果果妈,女,4137,https://www.zhihu.com/people/lu-xiao-miao-23-39,家庭、工作、小事业，持续修炼宝妈平衡术。,962529969,2020-01-08 03:42:30,6,60,19,生孩子，对我来说很重要。结婚的时候跟果果爸约定我们不生孩子。因为我觉得自己是个急脾气，热爱工作，热爱自由，自己都是个孩子，不可能成为一个好妈妈。直到31岁有一次，远远地看到了山里一座弥勒佛的露天铜像，突然就很想要个孩子，默默许了愿，回来不久就有了阿果。怀着他的时候，常常会忘记自己是个孕妇。有一次录制节目，时间紧急在走廊里飞奔去拿个道具，同事看见了，急得大叫：你个大肚子跑什么跑！才猛然想起自己已经不是一个人了，赶紧慢慢走吓出一身冷汗。正因为对自己能不能做个好妈妈充满怀疑，孕期买了大量的育儿书籍来看，这里推荐几本对我当时帮助和影响很大的书。《育儿百科》的作者写得细致入微，虽然有些内容并不完全准确，但总得来说非常实用，特别是在孩子出生的前一年，每个月的生理特征，有可能会出现什么样的问题，如何应对，都可以查得到，有些话翻来覆去说，就像个社区里很亲切的老大夫。 《窗边的小豆豆》，书里面的巴学园是每个人梦想中的学校的样子了吧，极尊重孩子的小林校长，温柔的妈妈，还有用大巴改造的教室，每天吃饭时都要有山的味道海的味道。恨不得穿越进书里生活。我后来办过一次托管，就会把自己想象成小林校长的样子。 《好妈妈胜过好老师》，这本书的经典程度不用多说了，果果上小学一年级的时候我模仿过尹建莉老师，偷偷帮阿果完成练字作业，因为我觉得一年级不需要练字。希望自己能够一直做一个理解孩子尊重孩子的妈妈。产假期间的我能够感觉到全身奔涌而出的母爱，抱着阿果想大段大段地吟诗，想一股脑儿把世界上最美好的东西都给他。甚至还去买了本《如何创办一家幼儿园》的书，异想天开办一家真正的森林幼儿园，让他自由自在地长大。产后复出，策划了一档生活类的小栏目《好妈妈育儿经》，借着工作便利认识了几位儿科医生、育儿专家，一边工作一边学习，越学习越觉得每对父母在上岗之前，都应该经过岗前培训。后来阿果慢慢长大，时长要晨昏颠倒的工作不再能带给我成就感，常常陷于无法陪伴孩子的苦恼中，又深知阅读对孩子成长的重要，干脆辞了职开办了家庭式绘本馆——麦米童书馆，一直到现在。 因为生了我的孩子阿果，我的人生发生了翻天覆地的变化，离开了之前非常非常喜欢的导演工作，开始去做亲子阅读推广。从只关注自己的感受，到有了愿意去为之无条件付出的人。从每天随兴生活到开始思考我的存在对他人会有什么样的意义。更重要的是在陪伴他成长的过程中，会回到过去去安慰那个总是急吼吼的自己，告诉自己：别着急，一切都是最好的安排。 今天看到这个题目，突然就有了很多感触，写下了上面这些文字，然后我想去抱抱我的孩子。
361723201,8,丢丢,女,332845,https://www.zhihu.com/people/diudiu888,魔都有院小屋改造中丨研究儿童教育｜资深旅游玩家,979450114,2020-01-19 12:58:19,0,4,2,这个问题没有标准的答案，对题注而言，他已经给出了目前自己的答案。但是我真的不是很想要作为一个有个1岁多的娃他妈，我非常理解他的答案，因为在我没孩子的时候，我一直是抱着这个想法的，我虽然没有打算一直丁克，但在当时我的生活状态下，我并不是很想要小孩，我的想法是，如果我过了35岁，还没有要孩子的念头，我就不要了吧。然而，我并没有等到35岁，一个小生命就来了。对于不想要孩子的家庭来说，生孩子不重要，因为：2个人的生活刚刚好，有一定的空间，有彼此的爱好。没有过重的经济压力，生活比较轻松，周末相约逛街吃饭看展。假日提前做好攻略去玩耍。工作想上班就上，上的不爽了就辞职休息，不会因为要“养家”这事而勉强自己。每个人都有选择自己生活自由的权利，不需要太在意身边人的看法，也不需要因为长辈的压力去选择不想要的生活。这一切的前提是：你跟你的爱人在不要孩子这个事情上达成了高度一致，建议这个问题在结婚前就要沟通好，否则婚后会成为影响生活和谐的一个隐藏炸弹。后来因为一次意外，我拥有了一个小生命，说句实话，我们很惊讶也很手足无措，在得到真相的那天晚上说不出来是一种什么样的心情，但是我把这晚的心情记录了下来。生完孩子的很长一段时间，我无法接受自己成为母亲这个身份，因为生活完全被屎尿屁奶充斥，我还面临着职场变动和背奶这个事。无数次问过自己后悔么？讲真，曾经后悔过，现在不后悔了。对于曾经不想要孩子，后来有了个孩子的人觉得，重要不重要真的需要看自己的。曾经你觉得不重要，现在可能就变成重要的一件事了。但，我劝所有觉得生孩子重要的人，一定要清楚的明白知道，当你选择了这条路就真的意味着很多的牺牲。你不会再有纯粹的2人世界和个人时光，就算是有，也是极其短暂的。你的爱好会从N个缩减成1-2个，甚至会没有。你更多的家庭预算会给到孩子，如果收入很一般的话，就不得不缩减其它的开支。你需要更关注孩子的成长和教育，在中国这种育儿的环境下，更需要去学习科学育儿，以及承受来自各方的压力，他们就如同站着说话不腰疼一样来指挥你不应该这样，应该那样。你会面临究竟是职场拼搏还是全职妈妈带孩子。你会面临2个人变成3个人过程中的各种磨合，恰好碰上丧偶式育儿的另一半的话，你需要承担起更多压力。赚钱不是第一位的，教育才是，否则，价值观走偏的小孩会让你今后的老年生活更悲惨。……需要考虑很多，需要跟另一半商量你们是否可以承受，更需要勇气去面临未知。不是每个妈妈都是“超人”，也不是每个女性都想成为“母亲”，所以生孩子这事，问别人没用，自己考虑好了才更重要。至于题主的妈妈说：她说一定要有一个孩子，这样的话老了以后才有人养你，因为老了以后失去了劳动能力，什么都做不了，这时候孩子就能抚养你。这个真的不绝对，如果你教育好了，老了还真的可能会享受天伦之乐吧，而在这个大环境下，不如早点做些”储备“来养老吧！
361723201,8,胖头鱼,女,91,https://www.zhihu.com/people/hua-de-6,没有什么是偶然的,1494800880,2020-09-26 16:34:47,2,2,0,不重要，我丁克，太快活了。存够钱养老和保险。人活一世，短短几十年，为自己而活太快乐了，就为了某些人所谓“六七十岁万一生病没人照顾”牺牲前几十年的自由，值得吗？另，护工我们这儿200一天，全职保姆大几千一个月，养老院万把块一个月很高档了，把养孩子钱留着自己享受不香吗？丁克追求的是自由，率性而为，以及更丰富的业余生活，没孩子打扰，自在的享受人生。当然，我从未否认生育党。花有百样红，人与人不同。每个人的人生，都是为自己而活。尊重且爱孩子，想要孩子，或怕孤单，重视亲情的群体请生育。作为朋友，我祝福你们有孩子的另一种幸福(^o^)o世界因为不同价值观，而缤纷多彩，生育vs丁克，独身vs结婚，异性恋vs同性恋，都是世界多彩的颜色，百花齐放才是真的好。
361723201,8,浩贝麻麻,女,26754,https://www.zhihu.com/people/rou-du-du-ma-ma-2,理科女文青｜和娃一起探索更大的世界｜合作看简介,960762212,2020-01-03 05:30:31,3,33,14,你可以选择不生，也可以选择生，这是你完全的自由。他是我们女性的一个权利也是一个选择，但是我想请你明白以下几点：1、生孩子有苦也有乐从怀孕到生子，再到全职，我只能实事求是地说，生养一个孩子，真累，真难啊。从怀孕开始，各种身体反应，各种不适，到生下来之后，各种用心，累心和操心，真是此生此世，永无止境。原来当了妈，只能没有了心。而且随着孩子们慢慢长大，当终于学会了，终于习惯了有人需要照顾的我们，却又要学着放手，退回到远处，看着他远走，一点一点的孤独。有时候我会气急败坏地大喊：“我为什么生了你？真想把你塞回去！”可如果真的把他塞回去，我又怎么舍得？生孩子，养孩子，花了我那么多时间和心血，就是为了拥有一种今生今世，永无可替代的亲密关系。从一个软软的婴儿，看着他成长，想着他的将来，想着他的人生，明知道终有一天，我不再陪伴，但人生能被如此多的深情填满，也无以为憾。就像是即将到来的春节，一家人等着一起吃那顿团圆饭，一大家子有老有小的坐一桌子，若有一个人缺席，大家心中都觉得不团圆，其实终于等着这个人来了，还是一样的喝喝吃吃，不一样的心，踏实。所以在今天的社会中，养孩子并不是为了防老，而是为了念想和牵挂，在很久之后，还有人能在心中挂记。2、不生孩子也有苦和乐我想讲一个活生生的例子，我以前的领导，她是个不婚不育主义者 ，今年53岁；她的人生就是拼命工作，拼命享受。上班加班不计时间，职位收入也自然丰厚。喜欢什么，买；公司加班，加；出国旅游，走！她不停地恋爱，享受人生，人生潇洒得，让我们这些小下属（尤其是生过娃的）羡慕无比。18年我还没离职的时候，我记得那年冬天的一个夜里，她滑倒在浴室里，完全不能动。地板很冷，她一直躺到第二天上午，阿姨来打扫卫生。阿姨叫了救护车，送医院手术要签字，她的父母都已经逝去，她没有丈夫，没有孩子，朋友们也都各有家庭，原来一个人可以孤孤单单地来，再孤孤单单地去。最后，她打了办公室秘书的电话！所以，你要思考的一个问题是，如果在50岁时候，钱不是问题，而你却无法生育的时候，你会不会后悔今天的选择？如果是不会，那就请坚持。因为我身边也有很多丁克很幸福的夫妻。关于不生，每个人都可以有自己的理由，你能给出的任何理由都是对的，只要自己不会后悔。对于女人，这是一个不能返回的决定，一旦后悔，颠覆了这一生的价值和坚持。（女人和男人不同，女人过了42岁后，怀孕就极其困难，但是男人到了60岁，依然有生育的功能。）3、自己不后悔就是最好的选择生与不生都是各有利弊，就看你自己是否已经能承受，未来有可能出现的情绪而不会后悔，这才是最核心的问题。所以，生孩子这件事，最好还是以你自己的想法为主，你要确定的是：你，自己在这辈子，想不想生孩子？你，自己在这辈子，会不会后悔？不要把责任和选择推给别人，譬如老公或者家人，又或者来知乎寻找答案；因为，第一，你要为自己的人生负责；第二，每个人都拥有不同的选择条件。没有人能够保证多年之后，依然不会改变，无论是他们还是你。让自己来做决定，把责任放在自己身上。4、最后，做为一个妈妈我想对你说的是生与不生，没有绝对的对和错，但是，做为一个带娃的母亲，我能给你最大的忠告是，在没有想好之前，请最好不要生孩子。因为生出来，就是一个有生命的人，你要接受所带来的美好，也能接受所带来的风险。孩子是无尽的幸福，但也是一种无穷的责任，你考虑好，请坚持自己的内心。人生只有一辈子，无论有没有孩子，我们都要负责自己的幸福。看着两个小朋友玩的很快乐
361723201,8,化灰居士,男,1937,https://www.zhihu.com/people/hua-hui-ju-shi,胡思乱想者,948355842,2020-01-19 04:55:55,10,75,3,任何一件事情，对于不同的人而言，重不重要，给出的答案都有两种，比如结婚买钻戒重要么？有的人觉得无比重要，怎么可以没有钻戒呢？有的人就无所谓，同样，婚礼重要么？很多人觉得不办不行，也有大把的人彻底不办仪式酒席。因此针对一件特定的事情讨论其是否重要意义不大，真正重要的是，你有选择的权利！原答案对整个人生而言，非做不可的事情才可以说是重要的，很遗憾，除去吃喝拉撒，人生并没有哪件事情是非做不可的，你有选择的权利，除了那个人人都无法避免的终点，因此生孩子并不重要。喜欢的就生，不喜欢的就不生，就这么简单。绝大多数人的不愉快源于想太多，更为可悲的是，往往还是在想别人怎么看你，给思维做一些减法吧，人生会愉快的多。
361723201,8,pansz,男,1284968,https://www.zhihu.com/people/pansz,如果您有什么不同意见，您是对的，我是错的。,986822563,2020-01-27 06:18:52,22,39,2,从自然选择的角度来说。觉得生孩子不重要的人，都被淘汰了。因为他们没能产生后代，也就没法把自己的想法传播下去。所以，存活的人类的主流观点，应该还是会认为生孩子重要的。没有必要过于操心生育率的问题。--在我个人看来，思想很重要，思想求同也很重要，如果我的儿子跟我兴趣爱好有更多符合的地方，我就觉得这个世界有更多的快乐与归属感。至于他是否抚养我则是次要的，重要的是，我把与我思想模式类似的基因在这个世界上多传播了一份，就多播下了一个能按照这个想法与世界交互的种子。因此现在我觉得，有个孩子还是很重要的，不然你连你的思维模式都传播不下去。
361723201,9,行走的云小朵,女,2201,https://www.zhihu.com/people/ma-xiao-wei-96-35,,2174571952,2021-10-17 03:53:20,2,11,3,我誓死捍卫每个人生孩子的权利。但，不要再拿不生孩子人生就不完整、不生孩子女人就不能称之为女人的论调来pua女人了好吗？不论男人女人，生孩子是权利，是选择，是自由。喜欢孩子的人，生再多，再苦再累，甘之如饴。那么，生养孩子对他们来说就是很重要的事。不喜欢孩子的人，不愿意被孩子束缚、不愿意为孩子让渡自我的人，生养孩子对他们来说就是种折磨与煎熬，那就是顶不重要的事。喜欢生孩子就生，但不要对不生孩子的人说：不生孩子你的人生就不完整，不生孩子你老了多凄惨。不喜欢生孩子的就不生，但也不要对生孩子的人说：你为了孩子而活有什么意思？你没有自我，你就是生殖癌。人生，并不因为你生不生孩子就或尊贵或低贱。生孩子是权利不是义务，那么无论生与不生都应该被尊重。
361723201,9,楠夕,女,11692,https://www.zhihu.com/people/huang-xiao-qing-35-50,小学英语老师‖童心带娃‖爱进厨房和书房 ❤,960274394,2020-02-02 11:14:04,55,37,7,当然重要！！！不生孩子，你怎么知道你可以一直从孕初期吐到生你都可以忍受！不生孩子，你怎么知道喂奶乳头皲裂疼痛忍着也要让孩子吃饱！不生孩子，你怎么知道一天到晚事无巨细的喂养照护你都可以统统拿下！不生孩子，你怎么知道你三年不睡一个安稳觉孩子长大之后这一切都可以一笔勾销！不生孩子，你怎么知道原来自己也可以左手抱娃右手拿菜，背后再背个妈妈包也能上五楼！不生孩子，你怎么知道只拿单位那点工资的你在有了孩子后拼命逼自己赚钱多多多！不生孩子，你怎么知道自己生病了也能坚持跟孩子你侬我侬蹦蹦跳跳！不生孩子，你怎么知道自己是你妈亲生的有多亲别人的妈终究是别人的妈？不生孩子，你怎么知道孩子上学之后各种家校活动可以激活你自己都不知道的艺术细胞！例子可以举到天亮……但是我困了……总结：不生个孩子，你都不知道自己有多强！另外，我也不同意楼主妈妈的说法，孩子老了可以养自己。孩子的到来已经让我们的人生增添了独一无二的快乐，至于养老，那是顺带的事吧，重要的是成为你自己，让孩子成为他自己！
361723201,9,yangmiemie,女,7399,https://www.zhihu.com/people/ying-yao-51,每天睡到自然醒,963052330,2020-01-05 03:53:05,5,4,0,我一直觉得人生就像一个游戏，每个阶段每样事物都是一个新的副本，读书、工作、结婚、生子；绘画、旅游、看书、烹饪。生孩子只是其中一个副本，你可以选也可以不选。只不过这个副本的boss能一直刷到自己人生结束，而且每次刷新都会给你带来不一样惊喜和惊吓。这个副本是人生里玩法最多样，Boss随机，没有攻略，每个阶段都会成长，技能也会不间断更新。他让我对生活充满紧迫感和期待，总是不间断的给我带来小欢喜。我老公对于我来说也是一个成长型副本，但是在完成了恋爱、结婚以后，就进入了缓慢的稳定的成长期，当他撅个屁股我都知道他要放什么屁的时候，感觉就是这个Boss已经拿下了，已经特么的变成种菜收菜游戏了！！算了，还是玩孩子吧。https://www.zhihu.com/video/1197089829375131648
361723201,9,肥叔,男,115473,https://www.zhihu.com/people/fatuncle,健身/辅导作业/健康第一/学学英语/进入二级笔译备考周期,975136935,2020-01-15 14:31:46,0,6,0,你不想要就不要啊。这个世界每个人看法是不一样的啊。不同的宗教不同的信仰不同的风俗不同的习惯。不想要就不生就好了。做人本就要容忍别人和自己意见不同啊。总不能要求所有人都和我们看法一致，做不到的啊。
361723201,9,知乎用户19duH7,女,2889,https://www.zhihu.com/people/vladimirz,,963124815,2020-01-05 16:04:41,6,56,9,现在不是农耕社会，不用靠天吃饭，不需看人脸色定生死，不需要听凭命运的摆布，总而言之就是不必要靠人口基数和等级秩序来获得安全感。生孩子不是刚性的东西。我们完全有机会思考自己的选择，自己的人生。而在我看来，生孩子最多只能影响一个人，在一个人的身上付出过分的成本（就算不过分，社会的焦虑也足以逼着你过分）。教书写作却能影响比生孩子更多的人。有些人不知道，教的人有很多，其中只要有一个能成的就算成功了。生孩子却是一对一，付出很多最后也未必能成。就算生的人比以前少了，也远远到不了一个班一个专业一个系（超冷门、特别情况除外）只有一个人的程度。要说爱人，教书或许还比育人爱得更深，更何况教书也就是育人，育人却未必能像教书一样有真正的爱：毕竟育人很可能还藏着很多古旧的念头。开明自由的父母，我是见得不多。传播思想比传播基因划算得多，影响也更大更广。我举个例子。就好像没有人知道余英时的三个女儿都是谁都在做什么，但大家都知道是钱穆和杨联陞教出了余英时（而杨又曾在陈寅恪门下学习），然后余英时又教出来了王汎森、罗志田、黄进兴、陈弱水这些人，然后这些人像罗志田又教出来了王东杰——满打满算这些人也能占两岸史学界的半壁江山了吧。而且这些人也不是只姓一家，而是各有所长，相互影响。我想这才是真正的开枝散叶，家大业大。
361723201,10,曾轶,男,98850,https://www.zhihu.com/people/rz3000,,1142259339,2020-04-10 05:55:35,0,12,2,重要，也不重要说实话我儿子出生之前，我对于要不要真的无所谓我性格比较随意，老婆要就要，老婆不想也不强求不过小孩出生以后吧，我可能天性里还是有被激发的成分，现在你问我要不要，那肯定是要的很多事其实还没做之前，都是幻想，也不是说对自己的未来有安排不好只是世事难料，哪有那么好的安排你如果真不想要，可以跟老公坦诚交流一下你为什么不想要，一二三原因摆出来，老公如果也不想要，正好，一起当丁克至于爸妈为什么希望你有，还不是想抱孩子玩你要上班又不能天天陪，长大了独立了也不听话小孩子多好玩，为小孩子付出是老人挺开心的事什么养儿防老，这个是对的，但也不是没别的解决方法把生孩子物化为防止自己老了没人管，这个观念有点老了不还有老年疗养院吗对不对，重点还是要有钱没钱，小孩也养不起你呀
361723201,10,韦皮皮,未知,25549,https://www.zhihu.com/people/wei-pi-pi-97,喜欢一切有趣的事情,947153206,2019-12-23 09:24:38,4,4,0,假设，假设哈，现在所有的金融产品都取消：没有存款、没有股票债券、没有基金、更没有什么外汇期货，每月拿了工资，除了用掉的，只能搁床底下藏着。同时，取消养老金。再同时，无论你一辈子工作攒下多少钱，到退休的时候，一律没收80%。但是，保留一样东西：彩票。20年后开奖，平均中奖率50%左右吧。现在提问：作为一个理性人，你选择1、每个月攒下的钱去买彩票，50%中奖概率能回本儿，还有小概率会发大财，当然也有小概率陪个精光；2、搁床底下攒着，等退休被没收80%后，靠剩下的20%渡过退休后的生活；3、每个月吃光喝光，一分不存。普通人养老，就得靠孩子，靠的是孩子的劳动力。别跟我提什么退休金、存款、养老院。普通人存的那些钱，根本跑不赢通胀，退休后收入肯定大幅下降，能保证自己攒下抗通胀的、维持高水准生活的退休金，投资机构恭请您去操盘。不信的，想想“万元户”这个概念吧。这才过了30年左右啊。从“万元户”可以上报纸到千万家产算普通，才过了30年哦，正好是一个普通人工作的时间。所以普通人，还是乖乖选择方案一，买彩票吧。可能赔光光，可能发大财，但更多的是普普通通的过。方案二和三，光存钱或者花光不存，就是不生孩子。在身强力壮的时候是没问题的，还比每个月往彩票里面扔钱人过得爽。20年后开奖的时候呢，比赔光的人还是爽。至于说要讨论老了以后没有亲近的壮劳力陪同照顾的生活，可以先去医院跑一趟，看看普通老人看个高血压要怎么操作。
361723201,10,羽翼丰满,未知,1510,https://www.zhihu.com/people/mo-fa-shao-nian-li-gou-zi-32,分享孕产知识，为每一位孕产期女性保驾护航,2055714934,2021-08-12 11:41:25,0,0,1,在倡导了那么久的男女平权之后，还有不少人以“生育”来衡量女性的价值，囚禁在被物化的世界，动弹不得。所谓“被物化”，是指将女性作为物品来看待，只有以生育为价值的“生育机器”，最大的失败才是没有生育。可女人不是物品，而是一个拥有独立灵魂的人，一个立体而饱满的存在，这就注定自我价值实现有无限种可能。不易察觉的低价值感“物化女性”原本是男权社会用来操控和利用女性的一种手段，有些女性却甘之如饴。电视剧《娘道》中的瑛娘，一心一意想给自己的男人生个男孩传宗接代，在连生了两个女儿后，深感愧对男方列祖列宗。甚至于男人在外有了新欢，还在自我反省，生不了儿子，所以配不上男人的爱。生孩子时遭遇难产，面对“保大还是保小”这个问题，她毫不犹豫地喊出了一句：我这条贱命算什么？我一定要为继宗生出儿子。生出儿子后，终于修得正果，此生功德圆满。作为一台优秀的“生育机器”，瑛娘一生都在极尽所能取悦男人，这背后其实隐藏着她的低价值感。从精神分析的角度，低价值感来源于童年时期父母“有条件的爱”，只有满足了父母的要求，才能得到温柔、夸奖和关心，否则，就是被嫌弃、被打骂，甚至是要被抛弃的。这种模式被内化之后，就会觉得只有自己足够好，才是值得被爱的。什么是足够好呢？满足别人的需求。瑛娘生活的民国时期，封建文化尚未完全解体，男尊女卑的思想犹在，在这种环境中成长起来的女性，以满足男人为无上光荣，“被物化”成了一件理所当然的事情。然而，时至今日，依然有些女性，明明身患重症，却为了成为一个“伟大母亲”，以命搏子，悲剧频发，也依然有些女性，坚定地认为“女人最大的失败是没有儿女”。低价值感的人，自我价值完全依附于他人之上，是中空的、脆弱的、无力的。就连她们渴望的“人生圆满”，也是无意识在迎合男方、迎合社会标准，与自我愉悦无关。所以，当像杨丽萍这样挣脱了“传统标准”束缚的女人出现，会给她们带来两层震荡：①如果生孩子不是女人最重要的事，那我存在的意义和价值是什么？②如果她们拥有生孩子之外的快乐，为什么我没有？对于失去灵魂的人而言，所有关于灵魂的拷问都会带来极度痛苦，她们只能采取“价值观绑架”的策略，来回避这些深层的焦虑和恐惧：我认定你是失败的、骗人骗己的，晚景凄凉，这样，我的选择就是正确的、有意义的，最好能把你一起拉下水，就没人让我痛苦了。顺道取悦了一把男性，巩固一下自己虚无缥缈的“价值”。之前杨丽萍因为没有孩子上热搜时，很多女明星站出来力挺杨丽萍，这些不按套路活的女人，真的快乐么？以小龙女李若彤为例，她曾经有着极为传统的观念：做一个贤惠女人，操持家务、相夫教子、默默奉献。然而，在和离异富商郭应泉相恋的十年里，为了取悦郭应泉，李若彤遵照他的意思，不结婚也不生娃，甚至停止了如日中天的事业，不再抛头露面。从被传统社会标准定义，到被自己男人的“特殊标准”定义，低价值感的她也曾活在“被操纵”的套路中。所以，当倾尽一切却被无情分手时，单薄的自我价值瞬间解体，李若彤险些抑郁症自杀，花了5年时间才缓过来。好在，这5年她也觉醒了，高调回归的宣言是：爱自己是终身浪漫的开始，信自己是释放光芒的开始。这是价值体系的重建，也是核心自我的重塑，摆脱别人的捆绑，活出自己的意志，从全力取悦别人，到专注取悦自己。所以，她在声援杨丽萍的长文中表达“自己不会为了凑合而结婚”，并且希望大家也不要因为年纪和别人的目光，而为自己的人生做草率的决定。再次露脸李若彤，不仅盛世容颜依旧，还多了紧实的肌肉线条和清晰的马甲线，惊艳众人。现在快乐，还是从前快乐，我想“重获自由”的小龙女最有发言权。当拥有了自由意志，才有足够的力量去追求和实现真正的自我价值。一个网友，离异带娃，却丝毫不影响她和青年才俊甜蜜约会。有人刻薄讥讽：离婚的女人就像二手货，价值大打折扣，何况你还带着一个拖油瓶，凭什么？她犀利回复：“抱歉，我从不把自己当成“货品”来交易，相反，我有过婚姻和育儿经验，这是我的加分项。”这就是所谓的“高价值感”：任何时候，我的价值由自己来定义。回到杨丽萍。大家都知道，她是因为舞蹈而放弃生育的，也因此而结束了两段婚姻。这是她做出的人生选择，而她也在自己的选择里，不断定义着自我价值：成为顶级舞蹈艺术家，不断促进我国舞蹈艺术的繁荣，不遗余力地传承和培养优秀的事业接班人。也许杨丽萍最终没能儿孙满堂，但她在舞蹈中“创作”和“繁衍”，让弟子桃李满天下，让艺术生生不息，从某种意义上，是更高境界的“儿孙满堂”，代表着更宏大的人生价值。高价值感的人，有一个自己说了算的人生，如此极致的体验，怎么会不快乐？你会如何选择？当然，贡献虽有大小之分，但价值观念和个人追求并无高下之别。 有的人，天生喜欢小孩，非常享受陪伴一个生命成长的过程，“生儿育女”也未尝不可；而有的人，天生视舞如命，极尽热爱，纵情追求艺术也无可厚非。只要是自己喜欢的活法，都是值得尝试的。有一个建议是，带上觉察：你可以定义价值，但别被价值定义。一个因为子宫疾病，被诊断为不孕症的女人，因为生育焦虑走进了咨询室。她对咨询师说：我真的很想要一个孩子，体验当妈妈的感觉。现在失去了生育价值，我就是一个废物。接着哽咽了一会：我想和老公离婚，不能耽误他。可我老公说，他爱的是我的人，不是我的子宫，有没有小孩都没关系。咨询师适时反问：那你觉得，你老公会这样深爱着一个废物吗？女人愣住了，在咨询师的提醒之下，她意识到自己正在被单一的价值观所捆绑。这个案例的后续，是女人重新将精力投放在了擅长的工作之上，一年之后，几乎是在她荣升高级设计师的同时，测出了怀孕，双喜临门。很难想象，如果女人陷入“不能生育即废物”的观念偏执，将置自己于何等煎熬的地狱，又将失去多少人生的可能。这样的觉察可以帮助自己从狭隘之中解放出来，只有意识到自己是自由的，才会允许和接纳别人的自由。正如杨丽萍曾在参加节目《看见》时说：“有些人的生命是为了传宗接代，有些是享受，有些是体验，有些是旁观。我是生命的旁观者，我来世上就是看一棵树怎么生长，河水怎么流，白云怎么飘，甘露怎么凝结。“短短的几句话里，充满着对生命各种姿态的尊重，没有去贬低“传宗接代”，也没有去捧高“旁观者”，多元的价值体系折射出饱满成熟的人格。可是，没有自己的孩子，杨丽萍此生真的不遗憾吗？其实，生命本就充满局限，无论怎样选择都会有遗憾：对于杨丽萍来说，也许享受不到天伦之乐是一种遗憾，而对我们大多数人来说，无法拥有追求极致和被艺术深度滋养的体验，又何尝不是一种遗憾呢？大胆去尝试想要的人生，让自己活得尽兴、舒展、愉悦才是最重要的。希望每位女性都有自己选择是否生育的自由，希望宝宝们都可以在爱的等待中降生，很多女性就是被所谓的母爱的伟大给束缚住了。母爱是伟大，但这并不是要求女性去做唯一牺牲个体的原因。那些选择生育的妈妈们，在爱孩子同时也要顾好自己，可以在手机里装个G动，跟着做产后恢复训练，解决和避免生育带来的种种后遗症，恢复良好身心状态才能更有精力带孩子！爱自己的孩子并不意味着要放弃自我，放弃人生。借用杨丽萍后来回应争议时说的一句话：“望我们都能自在，如我。”这才是人生最大的成功。
361723201,10,异子-正念练习,女,10000,https://www.zhihu.com/people/ai-er-wen-ge,佛学带领我走向清明、自在的路，发愿做1000条正念语录视频。,960373804,2020-01-03 02:39:58,21,52,10,对于童年有缺失的人来说（我自己 ），答案是很重要。没有孩子前，觉得男友、工作是全部。有了孩子后内心反而生长出力量来。我追寻了许久的被爱，难追寻到。当我有了孩子学会去爱时，我也逐渐学会了爱自己。1.他们是生活在世间的天使我的儿子每次摔跤、或碰到，再轻微的疼痛他都会举起疼痛的地方给我，示意我吹一吹。通常我会看着他问：很疼吧？然后吹两下疼痛处（妈妈们都懂的！），然后问：不疼了吧？接着问：下次怎么样才可以不摔跤呢？这是我爱他的方式。理解他，与他共情，启发他。在有他和女儿之前，我是粗糙的随性的，不太能共情的。这是他们的启发引领。然后儿子他也学会了这招。如果我说哪里疼，他会慢慢的凑近，崛起嘴轻轻的给我吹吹。甚至有一次他半夜闭着眼睛大哭，我怎么样都无法哄好他时。我说：妈妈的鼻子好痛，你可以帮我吹吹吗？睡梦中哭闹的他，真的停下来哭，撅嘴轻轻的吹呢。你看，他们是天使。不仅引领我发现爱，他们也会学着去爱呢！2.他们是实力派喜剧演员我敢保证，这世上，你肯定找不到比孩子更容易开心、更纯粹的物种。他们想哭就哭，想笑就笑，想躺地上就躺地上。巩俐、章子怡都没有他们的演技，说来就来，一点儿不需要铺垫，就能演出奥斯卡大帝水平。3.他们是最认真执着的人他们的脑回路是很特别的，他们吃饭往地上撒一地，你告诉他要爱干净，他想的却是：噢耶！我终于掌握了把东西扔远的要领了！一块糖果可以开心一天，拿走一块糖果他也可以哭上一天的。在我们绘本馆里，他们看书会哭、会笑、会尖叫……为了争夺一本书两岁的他们是可以干一场架的。他们追星也是绝对忠诚的。我女儿很爱爱莎，每天念叨很多遍，每晚拉我给她讲爱莎的书，每天都要看看电影，熟悉到凿冰曲都能哼出个大概了。还有孙悟空、汪汪队、佩奇…也是有一大波幼儿粉丝基础的。
361723201,10,匿名用户,男,0,https://www.zhihu.com/people/,,969038839,2020-01-10 07:29:05,11,55,11,当个树洞吧我后悔生孩子了，特别后悔，甚至往前推的话，我后悔和我老公结婚，虽然他真的很好很好，但是他和他的家人都要孩子这是肯定的，所以我宁愿不要他了，如果找不到愿意和我过一辈子二人世界的结婚对象的话，那我宁愿不结婚一个人算了。没结婚之前我是想丁克的，和老公说过想丁克，他这是和我打太极调笑几句就过去了，后来结婚了被他家人各种催怀孕，实在拖不下去了开始备孕，然后很快怀孕了，当时我想到生孩子可能会很麻烦，但是没想到会完全打乱整个生活。生孩子很痛苦，剖腹产也很难受，喂奶比生娃更疼，其中过程不提也罢。一开始我是嫌喂奶疼不想喂奶了，被各种批斗道德绑架，月子里各种被说不许玩手机，不许看电视，不许吃这个不许吃那个，要多喝汤，要多吃饭，要多躺床。建议是好心的，但是不自由。我婆婆是个好人，但我不喜欢她，同道人可以并肩行，而我和她完全不是一路人，凑在一起也是眼对眼难受，但现在有了孩子，她要和我一起住，忙没有帮多少反而给我徒添了抑郁，送走也不是，不送我难受。来了一个礼拜，她是个好人，但我受不了，还是让她回去了。她是个好人，但她只适合隔三差五来看看孩子。心情不好，会给我老公倾诉，得不到回应我会一直说。我老公反问我，我妈是做了多过分的事情，让我这么吐槽她?你就不能包容一个奶奶疼爱孙女的心情吗？我说你妈是个好人，但是我只要听见她说话就抑郁，你和她相处了30年你能适应，你觉得正常，而我觉得和她沟通很难受。有一种人就是无法正常沟通，你说的话她不听也不想听，我强颜欢笑精神很累，我伪装精神也很累，这比身体上的累更累。我不是她，我体会不到她疼爱孙女的心，她不是我，她体会不到我面对她有多烦恼。我说来说去又怎样，人无法相互理解。他不会懂。我的生活被孩子打乱了，本来我是身心自由的，我有家有猫，我可以去玩可以看电视可以学习。现在我都不可以，没有二人世界，没有自由，鸡毛乱飞，这不是我要的生活，也许孩子会长大，但是不管她后面怎样成长，我都不再是那个恣意风发的“少年”了。孩子带给我的痛苦远大于快乐，我每天喂奶很痛还要喂，不喂就被说。每天的休闲就是看看手机，吃着寡淡的饭。我真害怕我哪一天忍受不了这种生活打包好行李带着猫一走了之，我不要孩子了我要自由。
